Tåguppdrag,Datum_PAU,Tågslag,Tågsort,UppehållstypAvgång,UppehållstypAnkomst,AktivitetskodAvgång,AktivitetskodBeskrivningAvgång,AktivitetskodAnkomst,AktivitetskodBeskrivningAnkomst,DelSträckanummer,Förstaplatssignatur_för_Uppdrag,Sistaplatssignatur_för_Uppdrag,Avgångsplats,Avgångsplatssignatur,Ankomstplats,Ankomstplatssignatur,PlanAvgTid,PlanAnkTid,UtfAnkTid,UtfAvgTid,PlanAnkTid_vid_AvgPlats,UtfAnkTid_vid_AvgPlats,PlanUppehållstidAvgång,UtfUppehållstidAvgång,PlanGångtid,UtfGångtid,FörseningGångtid,AvgFörsening,AnkFörsening,FörseningUppehållAvgång
17.0,2019-03-27,RST,FJÄRR,Första,Passage,1,Påstigande av resande,0,-,1,Fln,Cst,Falun,Fln,Hinsnoret,Hno,2019-03-27 09:38:00,2019-03-27 09:44:00,2019-03-27 09:43:00.000,2019-03-27 09:37:00.000,,,,,6,6.0,0.0,-1.0,-1.0,
17.0,2019-03-27,RST,FJÄRR,Passage,Passage,0,-,0,-,2,Fln,Cst,Hinsnoret,Hno,Ornäs,Orn,2019-03-27 09:44:00,2019-03-27 09:49:00,2019-03-27 09:48:00.000,2019-03-27 09:43:00.000,2019-03-27 09:44:00.000,2019-03-27 09:43:00.000,0.0,0.0,5,5.0,0.0,-1.0,-1.0,0.0
17.0,2019-03-27,RST,FJÄRR,Passage,Uppehåll,0,-,11,Av- och påstigande av resande,3,Fln,Cst,Ornäs,Orn,Borlänge c,Blg,2019-03-27 09:49:00,2019-03-27 09:55:00,2019-03-27 09:53:00.000,2019-03-27 09:48:00.000,2019-03-27 09:49:00.000,2019-03-27 09:48:00.000,0.0,0.0,6,5.0,-1.0,-1.0,-2.0,0.0
17.0,2019-03-27,RST,FJÄRR,Uppehåll,Passage,11,Av- och påstigande av resande,0,-,4,Fln,Cst,Borlänge c,Blg,Stora Tuna,Sau,2019-03-27 09:57:00,2019-03-27 10:02:00,2019-03-27 10:02:00.000,2019-03-27 09:58:00.000,2019-03-27 09:55:00.000,2019-03-27 09:53:00.000,2.0,5.0,5,4.0,-1.0,1.0,0.0,3.0
17.0,2019-03-27,RST,FJÄRR,Passage,Passage,0,-,0,-,5,Fln,Cst,Stora Tuna,Sau,Gustafs,Gtf,2019-03-27 10:02:00,2019-03-27 10:04:00,2019-03-27 10:05:00.000,2019-03-27 10:02:00.000,2019-03-27 10:02:00.000,2019-03-27 10:02:00.000,0.0,0.0,2,3.0,1.0,0.0,1.0,0.0
17.0,2019-03-27,RST,FJÄRR,Passage,Uppehåll,0,-,11,Av- och påstigande av resande,6,Fln,Cst,Gustafs,Gtf,Säter,St,2019-03-27 10:04:00,2019-03-27 10:10:00,2019-03-27 10:10:00.000,2019-03-27 10:05:00.000,2019-03-27 10:04:00.000,2019-03-27 10:05:00.000,0.0,0.0,6,5.0,-1.0,1.0,0.0,0.0
17.0,2019-03-27,RST,FJÄRR,Uppehåll,Passage,11,Av- och påstigande av resande,0,-,7,Fln,Cst,Säter,St,Vikmanshyttan,Vhy,2019-03-27 10:11:00,2019-03-27 10:17:00,2019-03-27 10:18:00.000,2019-03-27 10:12:00.000,2019-03-27 10:10:00.000,2019-03-27 10:10:00.000,1.0,2.0,6,6.0,0.0,1.0,1.0,1.0
17.0,2019-03-27,RST,FJÄRR,Passage,Uppehåll,0,-,11,Av- och påstigande av resande,8,Fln,Cst,Vikmanshyttan,Vhy,Hedemora,Hdm,2019-03-27 10:17:00,2019-03-27 10:22:00,2019-03-27 10:22:00.000,2019-03-27 10:18:00.000,2019-03-27 10:17:00.000,2019-03-27 10:18:00.000,0.0,0.0,5,4.0,-1.0,1.0,0.0,0.0
17.0,2019-03-27,RST,FJÄRR,Uppehåll,Passage,11,Av- och påstigande av resande,0,-,9,Fln,Cst,Hedemora,Hdm,Snickarbo,Snb,2019-03-27 10:23:00,2019-03-27 10:30:00,2019-03-27 10:30:00.000,2019-03-27 10:23:00.000,2019-03-27 10:22:00.000,2019-03-27 10:22:00.000,1.0,1.0,7,7.0,0.0,0.0,0.0,0.0
17.0,2019-03-27,RST,FJÄRR,Passage,Passage,0,-,0,-,10,Fln,Cst,Snickarbo,Snb,Avesta Centrum,Acm,2019-03-27 10:30:00,2019-03-27 10:33:00,2019-03-27 10:33:00.000,2019-03-27 10:30:00.000,2019-03-27 10:30:00.000,2019-03-27 10:30:00.000,0.0,0.0,3,3.0,0.0,0.0,0.0,0.0
17.0,2019-03-27,RST,FJÄRR,Passage,Uppehåll,0,-,11,Av- och påstigande av resande,11,Fln,Cst,Avesta Centrum,Acm,Avesta Krylbo,Avky,2019-03-27 10:33:00,2019-03-27 10:37:00,2019-03-27 10:37:00.000,,2019-03-27 10:33:00.000,2019-03-27 10:33:00.000,0.0,,4,,,,0.0,
17.0,2019-03-27,RST,FJÄRR,Uppehåll,Passage,11,Av- och påstigande av resande,0,-,12,Fln,Cst,Avesta Krylbo,Avky,Rosshyttan,Ry,2019-03-27 10:41:00,2019-03-27 10:47:00,2019-03-27 10:46:00.000,2019-03-27 10:39:00.000,2019-03-27 10:37:00.000,2019-03-27 10:37:00.000,4.0,2.0,6,7.0,1.0,-2.0,-1.0,-2.0
17.0,2019-03-27,RST,FJÄRR,Passage,Passage,0,-,0,-,13,Fln,Cst,Rosshyttan,Ry,Broddbo,Bdo,2019-03-27 10:47:00,2019-03-27 10:53:00,2019-03-27 10:52:00.000,2019-03-27 10:46:00.000,2019-03-27 10:47:00.000,2019-03-27 10:46:00.000,0.0,0.0,6,6.0,0.0,-1.0,-1.0,0.0
17.0,2019-03-27,RST,FJÄRR,Passage,Uppehåll,0,-,11,Av- och påstigande av resande,14,Fln,Cst,Broddbo,Bdo,Sala,Sl,2019-03-27 10:53:00,2019-03-27 10:59:00,2019-03-27 10:57:00.000,2019-03-27 10:52:00.000,2019-03-27 10:53:00.000,2019-03-27 10:52:00.000,0.0,0.0,6,5.0,-1.0,-1.0,-2.0,0.0
17.0,2019-03-27,RST,FJÄRR,Uppehåll,Passage,11,Av- och påstigande av resande,0,-,15,Fln,Cst,Sala,Sl,Isätra,Ist,2019-03-27 11:02:00,2019-03-27 11:07:00,2019-03-27 11:10:00.000,2019-03-27 11:05:00.000,2019-03-27 10:59:00.000,2019-03-27 10:57:00.000,3.0,8.0,5,5.0,0.0,3.0,3.0,5.0
17.0,2019-03-27,RST,FJÄRR,Passage,Passage,0,-,0,-,16,Fln,Cst,Isätra,Ist,Heby,Hy,2019-03-27 11:07:00,2019-03-27 11:10:00,2019-03-27 11:13:00.000,2019-03-27 11:10:00.000,2019-03-27 11:07:00.000,2019-03-27 11:10:00.000,0.0,0.0,3,3.0,0.0,3.0,3.0,0.0
17.0,2019-03-27,RST,FJÄRR,Passage,Passage,0,-,0,-,17,Fln,Cst,Heby,Hy,Morgongåva,Må,2019-03-27 11:10:00,2019-03-27 11:13:00,2019-03-27 11:17:00.000,2019-03-27 11:13:00.000,2019-03-27 11:10:00.000,2019-03-27 11:13:00.000,0.0,0.0,3,4.0,1.0,3.0,4.0,0.0
17.0,2019-03-27,RST,FJÄRR,Passage,Passage,0,-,0,-,18,Fln,Cst,Morgongåva,Må,Järlåsa,Jla,2019-03-27 11:13:00,2019-03-27 11:20:00,2019-03-27 11:24:00.000,2019-03-27 11:17:00.000,2019-03-27 11:13:00.000,2019-03-27 11:17:00.000,0.0,0.0,7,7.0,0.0,4.0,4.0,0.0
17.0,2019-03-27,RST,FJÄRR,Passage,Passage,0,-,0,-,19,Fln,Cst,Järlåsa,Jla,Brunna,Bna,2019-03-27 11:20:00,2019-03-27 11:26:00,2019-03-27 11:30:00.000,2019-03-27 11:24:00.000,2019-03-27 11:20:00.000,2019-03-27 11:24:00.000,0.0,0.0,6,6.0,0.0,4.0,4.0,0.0
17.0,2019-03-27,RST,FJÄRR,Passage,Passage,0,-,0,-,20,Fln,Cst,Brunna,Bna,Uppsala norra,Una,2019-03-27 11:26:00,2019-03-27 11:32:00,2019-03-27 11:36:00.000,2019-03-27 11:30:00.000,2019-03-27 11:26:00.000,2019-03-27 11:30:00.000,0.0,0.0,6,6.0,0.0,4.0,4.0,0.0
17.0,2019-03-27,RST,FJÄRR,Passage,Uppehåll,0,-,11,Av- och påstigande av resande,21,Fln,Cst,Uppsala norra,Una,Uppsala c,U,2019-03-27 11:32:00,2019-03-27 11:34:00,2019-03-27 11:38:00.000,2019-03-27 11:36:00.000,2019-03-27 11:32:00.000,2019-03-27 11:36:00.000,0.0,0.0,2,2.0,0.0,4.0,4.0,0.0
17.0,2019-03-27,RST,FJÄRR,Uppehåll,Passage,11,Av- och påstigande av resande,0,-,22,Fln,Cst,Uppsala c,U,Säby,Säy,2019-03-27 11:36:00,2019-03-27 11:39:00,2019-03-27 11:42:00.000,2019-03-27 11:40:00.000,2019-03-27 11:34:00.000,2019-03-27 11:38:00.000,2.0,2.0,3,2.0,-1.0,4.0,3.0,0.0
17.0,2019-03-27,RST,FJÄRR,Passage,Passage,0,-,0,-,23,Fln,Cst,Säby,Säy,Ekeby,Eby,2019-03-27 11:39:00,2019-03-27 11:41:00,2019-03-27 11:45:00.000,2019-03-27 11:42:00.000,2019-03-27 11:39:00.000,2019-03-27 11:42:00.000,0.0,0.0,2,3.0,1.0,3.0,4.0,0.0
17.0,2019-03-27,RST,FJÄRR,Passage,Passage,0,-,0,-,24,Fln,Cst,Ekeby,Eby,Knivsta,Kn,2019-03-27 11:41:00,2019-03-27 11:44:00,2019-03-27 11:51:00.000,2019-03-27 11:45:00.000,2019-03-27 11:41:00.000,2019-03-27 11:45:00.000,0.0,0.0,3,6.0,3.0,4.0,7.0,0.0
17.0,2019-03-27,RST,FJÄRR,Passage,Passage,0,-,0,-,25,Fln,Cst,Knivsta,Kn,Myrbacken,Myn,2019-03-27 11:44:00,2019-03-27 11:46:00,2019-03-27 11:54:00.000,2019-03-27 11:51:00.000,2019-03-27 11:44:00.000,2019-03-27 11:51:00.000,0.0,0.0,2,3.0,1.0,7.0,8.0,0.0
17.0,2019-03-27,RST,FJÄRR,Passage,Uppehåll,0,-,11,Av- och påstigande av resande,26,Fln,Cst,Myrbacken,Myn,Arlanda Central,Arnc,2019-03-27 11:46:00,2019-03-27 11:52:00,2019-03-27 12:00:00.000,2019-03-27 11:54:00.000,2019-03-27 11:46:00.000,2019-03-27 11:54:00.000,0.0,0.0,6,6.0,0.0,8.0,8.0,0.0
17.0,2019-03-27,RST,FJÄRR,Uppehåll,Passage,11,Av- och påstigande av resande,0,-,27,Fln,Cst,Arlanda Central,Arnc,Arlanda nedre,Arne,2019-03-27 11:54:00,2019-03-27 11:57:00,2019-03-27 12:03:00.000,2019-03-27 12:02:00.000,2019-03-27 11:52:00.000,2019-03-27 12:00:00.000,2.0,2.0,3,1.0,-2.0,8.0,6.0,0.0
17.0,2019-03-27,RST,FJÄRR,Passage,Passage,0,-,0,-,28,Fln,Cst,Arlanda nedre,Arne,Blackvreten,Bvr,2019-03-27 11:57:00,2019-03-27 11:58:00,2019-03-27 12:05:00.000,2019-03-27 12:03:00.000,2019-03-27 11:57:00.000,2019-03-27 12:03:00.000,0.0,0.0,1,2.0,1.0,6.0,7.0,0.0
17.0,2019-03-27,RST,FJÄRR,Passage,Passage,0,-,0,-,29,Fln,Cst,Blackvreten,Bvr,Skavstaby,Skby,2019-03-27 11:58:00,2019-03-27 12:01:00,2019-03-27 12:08:00.000,2019-03-27 12:05:00.000,2019-03-27 11:58:00.000,2019-03-27 12:05:00.000,0.0,0.0,3,3.0,0.0,7.0,7.0,0.0
17.0,2019-03-27,RST,FJÄRR,Passage,Passage,0,-,0,-,30,Fln,Cst,Skavstaby,Skby,Upplands Väsby,Upv,2019-03-27 12:01:00,2019-03-27 12:02:00,2019-03-27 12:08:00.000,2019-03-27 12:08:00.000,2019-03-27 12:01:00.000,2019-03-27 12:08:00.000,0.0,0.0,1,0.0,-1.0,7.0,6.0,0.0
17.0,2019-03-27,RST,FJÄRR,Passage,Passage,0,-,0,-,31,Fln,Cst,Upplands Väsby,Upv,Rotebro,R,2019-03-27 12:02:00,2019-03-27 12:04:00,2019-03-27 12:11:00.000,2019-03-27 12:08:00.000,2019-03-27 12:02:00.000,2019-03-27 12:08:00.000,0.0,0.0,2,3.0,1.0,6.0,7.0,0.0
17.0,2019-03-27,RST,FJÄRR,Passage,Passage,0,-,0,-,32,Fln,Cst,Rotebro,R,Norrviken,Nvk,2019-03-27 12:04:00,2019-03-27 12:05:00,2019-03-27 12:12:00.000,2019-03-27 12:11:00.000,2019-03-27 12:04:00.000,2019-03-27 12:11:00.000,0.0,0.0,1,1.0,0.0,7.0,7.0,0.0
17.0,2019-03-27,RST,FJÄRR,Passage,Passage,0,-,0,-,33,Fln,Cst,Norrviken,Nvk,Häggvik,Hgv,2019-03-27 12:05:00,2019-03-27 12:06:00,2019-03-27 12:13:00.000,2019-03-27 12:12:00.000,2019-03-27 12:05:00.000,2019-03-27 12:12:00.000,0.0,0.0,1,1.0,0.0,7.0,7.0,0.0
17.0,2019-03-27,RST,FJÄRR,Passage,Passage,0,-,0,-,34,Fln,Cst,Häggvik,Hgv,Sollentuna,Sol,2019-03-27 12:06:00,2019-03-27 12:06:00,2019-03-27 12:13:00.000,2019-03-27 12:13:00.000,2019-03-27 12:06:00.000,2019-03-27 12:13:00.000,0.0,0.0,0,0.0,0.0,7.0,7.0,0.0
17.0,2019-03-27,RST,FJÄRR,Passage,Passage,0,-,0,-,35,Fln,Cst,Sollentuna,Sol,Kummelby,Kmy,2019-03-27 12:06:00,2019-03-27 12:07:00,2019-03-27 12:14:00.000,2019-03-27 12:13:00.000,2019-03-27 12:06:00.000,2019-03-27 12:13:00.000,0.0,0.0,1,1.0,0.0,7.0,7.0,0.0
17.0,2019-03-27,RST,FJÄRR,Passage,Passage,0,-,0,-,36,Fln,Cst,Kummelby,Kmy,Helenelund,Hel,2019-03-27 12:07:00,2019-03-27 12:07:00,2019-03-27 12:14:00.000,,2019-03-27 12:07:00.000,2019-03-27 12:14:00.000,0.0,,0,,,,7.0,
17.0,2019-03-27,RST,FJÄRR,Passage,Passage,0,-,0,-,37,Fln,Cst,Helenelund,Hel,Ulriksdal,Udl,2019-03-27 12:07:00,2019-03-27 12:09:00,2019-03-27 12:15:00.000,2019-03-27 12:14:00.000,2019-03-27 12:07:00.000,2019-03-27 12:14:00.000,0.0,0.0,2,1.0,-1.0,7.0,6.0,0.0
17.0,2019-03-27,RST,FJÄRR,Passage,Passage,0,-,0,-,38,Fln,Cst,Ulriksdal,Udl,Solna,So,2019-03-27 12:09:00,2019-03-27 12:09:00,2019-03-27 12:16:00.000,2019-03-27 12:15:00.000,2019-03-27 12:09:00.000,2019-03-27 12:15:00.000,0.0,0.0,0,1.0,1.0,6.0,7.0,0.0
17.0,2019-03-27,RST,FJÄRR,Passage,Passage,0,-,0,-,39,Fln,Cst,Solna,So,Tomteboda övre,Tmö,2019-03-27 12:09:00,2019-03-27 12:10:00,2019-03-27 12:17:00.000,2019-03-27 12:16:00.000,2019-03-27 12:09:00.000,2019-03-27 12:16:00.000,0.0,0.0,1,1.0,0.0,7.0,7.0,0.0
17.0,2019-03-27,RST,FJÄRR,Passage,Passage,0,-,0,-,40,Fln,Cst,Tomteboda övre,Tmö,Karlberg,Ke,2019-03-27 12:10:00,2019-03-27 12:12:00,2019-03-27 12:18:00.000,2019-03-27 12:17:00.000,2019-03-27 12:10:00.000,2019-03-27 12:17:00.000,0.0,0.0,2,1.0,-1.0,7.0,6.0,0.0
17.0,2019-03-27,RST,FJÄRR,Passage,Sista,0,-,10,Avstigande av resande,41,Fln,Cst,Karlberg,Ke,Stockholm C,Cst,2019-03-27 12:12:00,2019-03-27 12:15:00,2019-03-27 12:21:00.000,2019-03-27 12:18:00.000,2019-03-27 12:12:00.000,2019-03-27 12:18:00.000,0.0,0.0,3,3.0,0.0,6.0,6.0,0.0
8201.0,2019-03-27,RST,REGION,Första,Passage,1,Påstigande av resande,0,-,1,Gä,Cst,Gävle c,Gä,Hagaström,Hg,2019-03-27 15:14:00,2019-03-27 15:19:00,2019-03-27 15:17:00.000,2019-03-27 15:13:00.000,,,,,5,4.0,-1.0,-1.0,-2.0,
8201.0,2019-03-27,RST,REGION,Passage,Uppehåll,0,-,0,-,2,Gä,Cst,Hagaström,Hg,Norra Valbo,Nvl,2019-03-27 15:19:00,2019-03-27 15:22:00,2019-03-27 15:18:00.000,2019-03-27 15:17:00.000,2019-03-27 15:19:00.000,2019-03-27 15:17:00.000,0.0,0.0,3,1.0,-2.0,-2.0,-4.0,0.0
8201.0,2019-03-27,RST,REGION,Uppehåll,Passage,0,-,0,-,3,Gä,Cst,Norra Valbo,Nvl,Forsbacka,Fb,2019-03-27 15:25:00,2019-03-27 15:29:00,2019-03-27 15:27:00.000,2019-03-27 15:18:00.000,2019-03-27 15:22:00.000,2019-03-27 15:18:00.000,3.0,0.0,4,9.0,5.0,-7.0,-2.0,-3.0
8201.0,2019-03-27,RST,REGION,Passage,Uppehåll,0,-,11,Av- och påstigande av resande,4,Gä,Cst,Forsbacka,Fb,Sandviken,Snv,2019-03-27 15:29:00,2019-03-27 15:35:00,2019-03-27 15:31:00.000,2019-03-27 15:27:00.000,2019-03-27 15:29:00.000,2019-03-27 15:27:00.000,0.0,0.0,6,4.0,-2.0,-2.0,-4.0,0.0
8201.0,2019-03-27,RST,REGION,Uppehåll,Passage,11,Av- och påstigande av resande,0,-,5,Gä,Cst,Sandviken,Snv,Villersmuren,Vmu,2019-03-27 15:36:00,2019-03-27 15:40:00,2019-03-27 15:37:00.000,2019-03-27 15:35:00.000,2019-03-27 15:35:00.000,2019-03-27 15:31:00.000,1.0,4.0,4,2.0,-2.0,-1.0,-3.0,3.0
8201.0,2019-03-27,RST,REGION,Passage,Passage,0,-,0,-,6,Gä,Cst,Villersmuren,Vmu,Kungsgården,Kgd,2019-03-27 15:40:00,2019-03-27 15:42:00,2019-03-27 15:40:00.000,,2019-03-27 15:40:00.000,2019-03-27 15:37:00.000,0.0,,2,,,,-2.0,
8201.0,2019-03-27,RST,REGION,Passage,Uppehåll,0,-,11,Av- och påstigande av resande,7,Gä,Cst,Kungsgården,Kgd,Storvik,Sv,2019-03-27 15:42:00,2019-03-27 15:46:00,2019-03-27 15:43:00.000,2019-03-27 15:40:00.000,2019-03-27 15:42:00.000,2019-03-27 15:40:00.000,0.0,0.0,4,3.0,-1.0,-2.0,-3.0,0.0
8201.0,2019-03-27,RST,REGION,Uppehåll,Uppehåll,11,Av- och påstigande av resande,0,-,8,Gä,Cst,Storvik,Sv,Granstanda,Gad,2019-03-27 15:46:00,2019-03-27 15:53:00,2019-03-27 15:52:00.000,2019-03-27 15:46:00.000,2019-03-27 15:46:00.000,2019-03-27 15:43:00.000,0.0,3.0,7,6.0,-1.0,0.0,-1.0,3.0
8201.0,2019-03-27,RST,REGION,Uppehåll,Uppehåll,0,-,11,Av- och påstigande av resande,9,Gä,Cst,Granstanda,Gad,Hofors,Hfr,2019-03-27 15:59:00,2019-03-27 16:03:00,2019-03-27 16:02:00.000,2019-03-27 15:59:00.000,2019-03-27 15:53:00.000,2019-03-27 15:52:00.000,6.0,7.0,4,3.0,-1.0,0.0,-1.0,1.0
8201.0,2019-03-27,RST,REGION,Uppehåll,Passage,11,Av- och påstigande av resande,0,-,10,Gä,Cst,Hofors,Hfr,Långsjön,Lsj,2019-03-27 16:04:00,2019-03-27 16:11:00,2019-03-27 16:10:00.000,2019-03-27 16:04:00.000,2019-03-27 16:03:00.000,2019-03-27 16:02:00.000,1.0,2.0,7,6.0,-1.0,0.0,-1.0,1.0
8201.0,2019-03-27,RST,REGION,Passage,Passage,0,-,0,-,11,Gä,Cst,Långsjön,Lsj,Ryggen,Ryg,2019-03-27 16:11:00,2019-03-27 16:15:00,2019-03-27 16:14:00.000,2019-03-27 16:10:00.000,2019-03-27 16:11:00.000,2019-03-27 16:10:00.000,0.0,0.0,4,4.0,0.0,-1.0,-1.0,0.0
8201.0,2019-03-27,RST,REGION,Passage,Passage,0,-,0,-,12,Gä,Cst,Ryggen,Ryg,Korsnäs,Koä,2019-03-27 16:15:00,2019-03-27 16:23:00,2019-03-27 16:22:00.000,2019-03-27 16:14:00.000,2019-03-27 16:15:00.000,2019-03-27 16:14:00.000,0.0,0.0,8,8.0,0.0,-1.0,-1.0,0.0
8201.0,2019-03-27,RST,REGION,Passage,Uppehåll,0,-,11,Av- och påstigande av resande,13,Gä,Cst,Korsnäs,Koä,Falun,Fln,2019-03-27 16:23:00,2019-03-27 16:27:00,2019-03-27 16:26:00.000,2019-03-27 16:22:00.000,2019-03-27 16:23:00.000,2019-03-27 16:22:00.000,0.0,0.0,4,4.0,0.0,-1.0,-1.0,0.0
8201.0,2019-03-27,RST,REGION,Uppehåll,Passage,11,Av- och påstigande av resande,0,-,14,Gä,Cst,Falun,Fln,Hinsnoret,Hno,2019-03-27 16:30:00,2019-03-27 16:36:00,2019-03-27 16:34:00.000,2019-03-27 16:29:00.000,2019-03-27 16:27:00.000,2019-03-27 16:26:00.000,3.0,3.0,6,5.0,-1.0,-1.0,-2.0,0.0
8201.0,2019-03-27,RST,REGION,Passage,Passage,0,-,0,-,15,Gä,Cst,Hinsnoret,Hno,Ornäs,Orn,2019-03-27 16:36:00,2019-03-27 16:40:00,2019-03-27 16:39:00.000,2019-03-27 16:34:00.000,2019-03-27 16:36:00.000,2019-03-27 16:34:00.000,0.0,0.0,4,5.0,1.0,-2.0,-1.0,0.0
8201.0,2019-03-27,RST,REGION,Passage,Uppehåll,0,-,11,Av- och påstigande av resande,16,Gä,Cst,Ornäs,Orn,Borlänge c,Blg,2019-03-27 16:40:00,2019-03-27 16:46:00,2019-03-27 16:43:00.000,2019-03-27 16:39:00.000,2019-03-27 16:40:00.000,2019-03-27 16:39:00.000,0.0,0.0,6,4.0,-2.0,-1.0,-3.0,0.0
8201.0,2019-03-27,RST,REGION,Uppehåll,Passage,11,Av- och påstigande av resande,0,-,17,Gä,Cst,Borlänge c,Blg,Stora Tuna,Sau,2019-03-27 16:51:00,2019-03-27 16:56:00,2019-03-27 16:59:00.000,2019-03-27 16:56:00.000,2019-03-27 16:46:00.000,2019-03-27 16:43:00.000,5.0,13.0,5,3.0,-2.0,5.0,3.0,8.0
8201.0,2019-03-27,RST,REGION,Passage,Passage,0,-,0,-,18,Gä,Cst,Stora Tuna,Sau,Gustafs,Gtf,2019-03-27 16:56:00,2019-03-27 16:59:00,2019-03-27 17:02:00.000,2019-03-27 16:59:00.000,2019-03-27 16:56:00.000,2019-03-27 16:59:00.000,0.0,0.0,3,3.0,0.0,3.0,3.0,0.0
8201.0,2019-03-27,RST,REGION,Passage,Uppehåll,0,-,11,Av- och påstigande av resande,19,Gä,Cst,Gustafs,Gtf,Säter,St,2019-03-27 16:59:00,2019-03-27 17:05:00,2019-03-27 17:07:00.000,2019-03-27 17:02:00.000,2019-03-27 16:59:00.000,2019-03-27 17:02:00.000,0.0,0.0,6,5.0,-1.0,3.0,2.0,0.0
8201.0,2019-03-27,RST,REGION,Uppehåll,Passage,11,Av- och påstigande av resande,0,-,20,Gä,Cst,Säter,St,Vikmanshyttan,Vhy,2019-03-27 17:06:00,2019-03-27 17:12:00,2019-03-27 17:13:00.000,2019-03-27 17:08:00.000,2019-03-27 17:05:00.000,2019-03-27 17:07:00.000,1.0,1.0,6,5.0,-1.0,2.0,1.0,0.0
8201.0,2019-03-27,RST,REGION,Passage,Uppehåll,0,-,11,Av- och påstigande av resande,21,Gä,Cst,Vikmanshyttan,Vhy,Hedemora,Hdm,2019-03-27 17:12:00,2019-03-27 17:17:00,2019-03-27 17:17:00.000,2019-03-27 17:13:00.000,2019-03-27 17:12:00.000,2019-03-27 17:13:00.000,0.0,0.0,5,4.0,-1.0,1.0,0.0,0.0
8201.0,2019-03-27,RST,REGION,Uppehåll,Uppehåll,11,Av- och påstigande av resande,0,-,22,Gä,Cst,Hedemora,Hdm,Snickarbo,Snb,2019-03-27 17:18:00,2019-03-27 17:25:00,2019-03-27 17:25:00.000,2019-03-27 17:19:00.000,2019-03-27 17:17:00.000,2019-03-27 17:17:00.000,1.0,2.0,7,6.0,-1.0,1.0,0.0,1.0
8201.0,2019-03-27,RST,REGION,Uppehåll,Uppehåll,0,-,11,Av- och påstigande av resande,23,Gä,Cst,Snickarbo,Snb,Avesta Centrum,Acm,2019-03-27 17:28:00,2019-03-27 17:33:00,2019-03-27 17:33:00.000,2019-03-27 17:25:00.000,2019-03-27 17:25:00.000,2019-03-27 17:25:00.000,3.0,0.0,5,8.0,3.0,-3.0,0.0,-3.0
8201.0,2019-03-27,RST,REGION,Uppehåll,Uppehåll,11,Av- och påstigande av resande,11,Av- och påstigande av resande,24,Gä,Cst,Avesta Centrum,Acm,Avesta Krylbo,Avky,2019-03-27 17:33:00,2019-03-27 17:37:00,2019-03-27 17:36:00.000,,2019-03-27 17:33:00.000,2019-03-27 17:33:00.000,0.0,,4,,,,-1.0,
8201.0,2019-03-27,RST,REGION,Uppehåll,Passage,11,Av- och påstigande av resande,0,-,25,Gä,Cst,Avesta Krylbo,Avky,Rosshyttan,Ry,2019-03-27 17:43:00,2019-03-27 17:49:00,2019-03-27 17:51:00.000,2019-03-27 17:44:00.000,2019-03-27 17:37:00.000,2019-03-27 17:36:00.000,6.0,8.0,6,7.0,1.0,1.0,2.0,2.0
8201.0,2019-03-27,RST,REGION,Passage,Passage,0,-,0,-,26,Gä,Cst,Rosshyttan,Ry,Broddbo,Bdo,2019-03-27 17:49:00,2019-03-27 17:55:00,2019-03-27 17:56:00.000,2019-03-27 17:51:00.000,2019-03-27 17:49:00.000,2019-03-27 17:51:00.000,0.0,0.0,6,5.0,-1.0,2.0,1.0,0.0
8201.0,2019-03-27,RST,REGION,Passage,Uppehåll,0,-,11,Av- och påstigande av resande,27,Gä,Cst,Broddbo,Bdo,Sala,Sl,2019-03-27 17:55:00,2019-03-27 18:01:00,2019-03-27 18:01:00.000,2019-03-27 17:56:00.000,2019-03-27 17:55:00.000,2019-03-27 17:56:00.000,0.0,0.0,6,5.0,-1.0,1.0,0.0,0.0
8201.0,2019-03-27,RST,REGION,Uppehåll,Uppehåll,11,Av- och påstigande av resande,0,-,28,Gä,Cst,Sala,Sl,Isätra,Ist,2019-03-27 18:10:00,2019-03-27 18:15:00,2019-03-27 18:15:00.000,2019-03-27 18:10:00.000,2019-03-27 18:01:00.000,2019-03-27 18:01:00.000,9.0,9.0,5,5.0,0.0,0.0,0.0,0.0
8201.0,2019-03-27,RST,REGION,Uppehåll,Uppehåll,0,-,11,Av- och påstigande av resande,29,Gä,Cst,Isätra,Ist,Heby,Hy,2019-03-27 18:19:00,2019-03-27 18:24:00,2019-03-27 18:25:00.000,2019-03-27 18:20:00.000,2019-03-27 18:15:00.000,2019-03-27 18:15:00.000,4.0,5.0,5,5.0,0.0,1.0,1.0,1.0
8201.0,2019-03-27,RST,REGION,Uppehåll,Uppehåll,11,Av- och påstigande av resande,11,Av- och påstigande av resande,30,Gä,Cst,Heby,Hy,Morgongåva,Må,2019-03-27 18:24:00,2019-03-27 18:29:00,2019-03-27 18:29:00.000,2019-03-27 18:25:00.000,2019-03-27 18:24:00.000,2019-03-27 18:25:00.000,0.0,0.0,5,4.0,-1.0,1.0,0.0,0.0
8201.0,2019-03-27,RST,REGION,Uppehåll,Uppehåll,11,Av- och påstigande av resande,0,-,31,Gä,Cst,Morgongåva,Må,Järlåsa,Jla,2019-03-27 18:30:00,2019-03-27 18:38:00,2019-03-27 18:39:00.000,2019-03-27 18:31:00.000,2019-03-27 18:29:00.000,2019-03-27 18:29:00.000,1.0,2.0,8,8.0,0.0,1.0,1.0,1.0
8201.0,2019-03-27,RST,REGION,Uppehåll,Uppehåll,0,-,0,-,32,Gä,Cst,Järlåsa,Jla,Brunna,Bna,2019-03-27 18:40:00,2019-03-27 18:47:00,2019-03-27 18:51:00.000,2019-03-27 18:44:00.000,2019-03-27 18:38:00.000,2019-03-27 18:39:00.000,2.0,5.0,7,7.0,0.0,4.0,4.0,3.0
8201.0,2019-03-27,RST,REGION,Uppehåll,Passage,0,-,0,-,33,Gä,Cst,Brunna,Bna,Uppsala norra,Una,2019-03-27 18:48:00,2019-03-27 18:53:00,2019-03-27 18:55:00.000,2019-03-27 18:51:00.000,2019-03-27 18:47:00.000,2019-03-27 18:51:00.000,1.0,0.0,5,4.0,-1.0,3.0,2.0,-1.0
8201.0,2019-03-27,RST,REGION,Passage,Uppehåll,0,-,11,Av- och påstigande av resande,34,Gä,Cst,Uppsala norra,Una,Uppsala c,U,2019-03-27 18:53:00,2019-03-27 18:56:00,2019-03-27 18:58:00.000,2019-03-27 18:55:00.000,2019-03-27 18:53:00.000,2019-03-27 18:55:00.000,0.0,0.0,3,3.0,0.0,2.0,2.0,0.0
8420.0,2019-03-27,RST,REGION,Första,Passage,1,Påstigande av resande,0,-,1,U,Gä,Uppsala c,U,Samnan,Sam,2019-03-27 10:13:00,2019-03-27 10:18:00,2019-03-27 10:17:00.000,2019-03-27 10:13:00.000,,,,,5,4.0,-1.0,0.0,-1.0,
8420.0,2019-03-27,RST,REGION,Passage,Uppehåll,0,-,11,Av- och påstigande av resande,2,U,Gä,Samnan,Sam,Storvreta,Srv,2019-03-27 10:18:00,2019-03-27 10:21:00,2019-03-27 10:19:00.000,2019-03-27 10:17:00.000,2019-03-27 10:18:00.000,2019-03-27 10:17:00.000,0.0,0.0,3,2.0,-1.0,-1.0,-2.0,0.0
8420.0,2019-03-27,RST,REGION,Uppehåll,Uppehåll,11,Av- och påstigande av resande,11,Av- och påstigande av resande,3,U,Gä,Storvreta,Srv,Vattholma,Vha,2019-03-27 10:21:00,2019-03-27 10:26:00,2019-03-27 10:24:00.000,2019-03-27 10:20:00.000,2019-03-27 10:21:00.000,2019-03-27 10:19:00.000,0.0,1.0,5,4.0,-1.0,-1.0,-2.0,1.0
8420.0,2019-03-27,RST,REGION,Uppehåll,Passage,11,Av- och påstigande av resande,0,-,4,U,Gä,Vattholma,Vha,Salsta,Sas,2019-03-27 10:26:00,2019-03-27 10:28:00,2019-03-27 10:27:00.000,2019-03-27 10:25:00.000,2019-03-27 10:26:00.000,2019-03-27 10:24:00.000,0.0,1.0,2,2.0,0.0,-1.0,-1.0,1.0
8420.0,2019-03-27,RST,REGION,Passage,Uppehåll,0,-,11,Av- och påstigande av resande,5,U,Gä,Salsta,Sas,Skyttorp,Syt,2019-03-27 10:28:00,2019-03-27 10:30:00,2019-03-27 10:29:00.000,2019-03-27 10:27:00.000,2019-03-27 10:28:00.000,2019-03-27 10:27:00.000,0.0,0.0,2,2.0,0.0,-1.0,-1.0,0.0
8420.0,2019-03-27,RST,REGION,Uppehåll,Passage,11,Av- och påstigande av resande,0,-,6,U,Gä,Skyttorp,Syt,Järlebo,Jlo,2019-03-27 10:30:00,2019-03-27 10:33:00,2019-03-27 10:32:00.000,2019-03-27 10:30:00.000,2019-03-27 10:30:00.000,2019-03-27 10:29:00.000,0.0,1.0,3,2.0,-1.0,0.0,-1.0,1.0
8420.0,2019-03-27,RST,REGION,Passage,Uppehåll,0,-,11,Av- och påstigande av resande,7,U,Gä,Järlebo,Jlo,Örbyhus,Öh,2019-03-27 10:33:00,2019-03-27 10:38:00,2019-03-27 10:36:00.000,2019-03-27 10:32:00.000,2019-03-27 10:33:00.000,2019-03-27 10:32:00.000,0.0,0.0,5,4.0,-1.0,-1.0,-2.0,0.0
8420.0,2019-03-27,RST,REGION,Uppehåll,Uppehåll,11,Av- och påstigande av resande,11,Av- och påstigande av resande,8,U,Gä,Örbyhus,Öh,Tobo,Tbo,2019-03-27 10:38:00,2019-03-27 10:42:00,2019-03-27 10:41:00.000,2019-03-27 10:38:00.000,2019-03-27 10:38:00.000,2019-03-27 10:36:00.000,0.0,2.0,4,3.0,-1.0,0.0,-1.0,2.0
8420.0,2019-03-27,RST,REGION,Uppehåll,Passage,11,Av- och påstigande av resande,0,-,9,U,Gä,Tobo,Tbo,Skärpan,Säp,2019-03-27 10:42:00,2019-03-27 10:45:00,2019-03-27 10:44:00.000,2019-03-27 10:42:00.000,2019-03-27 10:42:00.000,2019-03-27 10:41:00.000,0.0,1.0,3,2.0,-1.0,0.0,-1.0,1.0
8420.0,2019-03-27,RST,REGION,Passage,Uppehåll,0,-,11,Av- och påstigande av resande,10,U,Gä,Skärpan,Säp,Tierp,Tip,2019-03-27 10:45:00,2019-03-27 10:49:00,2019-03-27 10:47:00.000,2019-03-27 10:44:00.000,2019-03-27 10:45:00.000,2019-03-27 10:44:00.000,0.0,0.0,4,3.0,-1.0,-1.0,-2.0,0.0
8420.0,2019-03-27,RST,REGION,Uppehåll,Passage,11,Av- och påstigande av resande,0,-,11,U,Gä,Tierp,Tip,Orrskog,Os,2019-03-27 10:50:00,2019-03-27 10:55:00,2019-03-27 10:52:00.000,2019-03-27 10:50:00.000,2019-03-27 10:49:00.000,2019-03-27 10:47:00.000,1.0,3.0,5,2.0,-3.0,0.0,-3.0,2.0
8420.0,2019-03-27,RST,REGION,Passage,Uppehåll,0,-,11,Av- och påstigande av resande,12,U,Gä,Orrskog,Os,Mehedeby,Meh,2019-03-27 10:55:00,2019-03-27 10:58:00,2019-03-27 10:55:00.000,2019-03-27 10:52:00.000,2019-03-27 10:55:00.000,2019-03-27 10:52:00.000,0.0,0.0,3,3.0,0.0,-3.0,-3.0,0.0
8420.0,2019-03-27,RST,REGION,Uppehåll,Passage,11,Av- och påstigande av resande,0,-,13,U,Gä,Mehedeby,Meh,Marma,Mrm,2019-03-27 10:58:00,2019-03-27 11:00:00,2019-03-27 11:00:00.000,2019-03-27 10:58:00.000,2019-03-27 10:58:00.000,2019-03-27 10:55:00.000,0.0,3.0,2,2.0,0.0,0.0,0.0,3.0
8420.0,2019-03-27,RST,REGION,Passage,Uppehåll,0,-,11,Av- och påstigande av resande,14,U,Gä,Marma,Mrm,Marma norra,Maa,2019-03-27 11:00:00,2019-03-27 11:02:00,2019-03-27 11:02:00.000,2019-03-27 11:00:00.000,2019-03-27 11:00:00.000,2019-03-27 11:00:00.000,0.0,0.0,2,2.0,0.0,0.0,0.0,0.0
8420.0,2019-03-27,RST,REGION,Uppehåll,Uppehåll,11,Av- och påstigande av resande,11,Av- och påstigande av resande,15,U,Gä,Marma norra,Maa,Älvkarleby,Äkb,2019-03-27 11:02:00,2019-03-27 11:06:00,2019-03-27 11:06:00.000,2019-03-27 11:03:00.000,2019-03-27 11:02:00.000,2019-03-27 11:02:00.000,0.0,1.0,4,3.0,-1.0,1.0,0.0,1.0
8420.0,2019-03-27,RST,REGION,Uppehåll,Uppehåll,11,Av- och påstigande av resande,11,Av- och påstigande av resande,16,U,Gä,Älvkarleby,Äkb,Skutskär,Sur,2019-03-27 11:06:00,2019-03-27 11:11:00,2019-03-27 11:11:00.000,2019-03-27 11:07:00.000,2019-03-27 11:06:00.000,2019-03-27 11:06:00.000,0.0,1.0,5,4.0,-1.0,1.0,0.0,1.0
8420.0,2019-03-27,RST,REGION,Uppehåll,Uppehåll,11,Av- och påstigande av resande,11,Av- och påstigande av resande,17,U,Gä,Skutskär,Sur,Furuvik,Fvk,2019-03-27 11:11:00,2019-03-27 11:15:00,2019-03-27 11:15:00.000,2019-03-27 11:12:00.000,2019-03-27 11:11:00.000,2019-03-27 11:11:00.000,0.0,1.0,4,3.0,-1.0,1.0,0.0,1.0
8420.0,2019-03-27,RST,REGION,Uppehåll,Passage,11,Av- och påstigande av resande,0,-,18,U,Gä,Furuvik,Fvk,Bomansberget,Bom,2019-03-27 11:15:00,2019-03-27 11:18:00,2019-03-27 11:18:00.000,2019-03-27 11:17:00.000,2019-03-27 11:15:00.000,2019-03-27 11:15:00.000,0.0,2.0,3,1.0,-2.0,2.0,0.0,2.0
8420.0,2019-03-27,RST,REGION,Passage,Sista,0,-,10,Avstigande av resande,19,U,Gä,Bomansberget,Bom,Gävle c,Gä,2019-03-27 11:18:00,2019-03-27 11:22:00,2019-03-27 11:22:00.000,2019-03-27 11:18:00.000,2019-03-27 11:18:00.000,2019-03-27 11:18:00.000,0.0,0.0,4,4.0,0.0,0.0,0.0,0.0
20.0,2019-03-27,RST,FJÄRR,Första,Passage,1,Påstigande av resande,0,-,1,Cst,Fln,Stockholm C,Cst,Karlberg,Ke,2019-03-27 13:45:00,2019-03-27 13:48:00,2019-03-27 13:48:00.000,2019-03-27 13:44:00.000,,,,,3,4.0,1.0,-1.0,0.0,
20.0,2019-03-27,RST,FJÄRR,Passage,Passage,0,-,0,-,2,Cst,Fln,Karlberg,Ke,Tomteboda övre,Tmö,2019-03-27 13:48:00,2019-03-27 13:49:00,2019-03-27 13:49:00.000,2019-03-27 13:48:00.000,2019-03-27 13:48:00.000,2019-03-27 13:48:00.000,0.0,0.0,1,1.0,0.0,0.0,0.0,0.0
20.0,2019-03-27,RST,FJÄRR,Passage,Passage,0,-,0,-,3,Cst,Fln,Tomteboda övre,Tmö,Solna,So,2019-03-27 13:49:00,2019-03-27 13:50:00,2019-03-27 13:50:00.000,2019-03-27 13:49:00.000,2019-03-27 13:49:00.000,2019-03-27 13:49:00.000,0.0,0.0,1,1.0,0.0,0.0,0.0,0.0
20.0,2019-03-27,RST,FJÄRR,Passage,Passage,0,-,0,-,4,Cst,Fln,Solna,So,Ulriksdal,Udl,2019-03-27 13:50:00,2019-03-27 13:51:00,2019-03-27 13:51:00.000,2019-03-27 13:50:00.000,2019-03-27 13:50:00.000,2019-03-27 13:50:00.000,0.0,0.0,1,1.0,0.0,0.0,0.0,0.0
20.0,2019-03-27,RST,FJÄRR,Passage,Passage,0,-,0,-,5,Cst,Fln,Ulriksdal,Udl,Helenelund,Hel,2019-03-27 13:51:00,2019-03-27 13:52:00,2019-03-27 13:52:00.000,2019-03-27 13:51:00.000,2019-03-27 13:51:00.000,2019-03-27 13:51:00.000,0.0,0.0,1,1.0,0.0,0.0,0.0,0.0
20.0,2019-03-27,RST,FJÄRR,Passage,Passage,0,-,0,-,6,Cst,Fln,Helenelund,Hel,Kummelby,Kmy,2019-03-27 13:52:00,2019-03-27 13:53:00,2019-03-27 13:53:00.000,2019-03-27 13:52:00.000,2019-03-27 13:52:00.000,2019-03-27 13:52:00.000,0.0,0.0,1,1.0,0.0,0.0,0.0,0.0
20.0,2019-03-27,RST,FJÄRR,Passage,Passage,0,-,0,-,7,Cst,Fln,Kummelby,Kmy,Sollentuna,Sol,2019-03-27 13:53:00,2019-03-27 13:53:00,2019-03-27 13:53:00.000,2019-03-27 13:53:00.000,2019-03-27 13:53:00.000,2019-03-27 13:53:00.000,0.0,0.0,0,0.0,0.0,0.0,0.0,0.0
20.0,2019-03-27,RST,FJÄRR,Passage,Passage,0,-,0,-,8,Cst,Fln,Sollentuna,Sol,Häggvik,Hgv,2019-03-27 13:53:00,2019-03-27 13:54:00,2019-03-27 13:54:00.000,2019-03-27 13:53:00.000,2019-03-27 13:53:00.000,2019-03-27 13:53:00.000,0.0,0.0,1,1.0,0.0,0.0,0.0,0.0
20.0,2019-03-27,RST,FJÄRR,Passage,Passage,0,-,0,-,9,Cst,Fln,Häggvik,Hgv,Norrviken,Nvk,2019-03-27 13:54:00,2019-03-27 13:55:00,2019-03-27 13:54:00.000,2019-03-27 13:54:00.000,2019-03-27 13:54:00.000,2019-03-27 13:54:00.000,0.0,0.0,1,0.0,-1.0,0.0,-1.0,0.0
20.0,2019-03-27,RST,FJÄRR,Passage,Passage,0,-,0,-,10,Cst,Fln,Norrviken,Nvk,Rotebro,R,2019-03-27 13:55:00,2019-03-27 13:56:00,2019-03-27 13:55:00.000,2019-03-27 13:54:00.000,2019-03-27 13:55:00.000,2019-03-27 13:54:00.000,0.0,0.0,1,1.0,0.0,-1.0,-1.0,0.0
20.0,2019-03-27,RST,FJÄRR,Passage,Passage,0,-,0,-,11,Cst,Fln,Rotebro,R,Upplands Väsby,Upv,2019-03-27 13:56:00,2019-03-27 13:58:00,2019-03-27 13:58:00.000,2019-03-27 13:55:00.000,2019-03-27 13:56:00.000,2019-03-27 13:55:00.000,0.0,0.0,2,3.0,1.0,-1.0,0.0,0.0
20.0,2019-03-27,RST,FJÄRR,Passage,Passage,0,-,0,-,12,Cst,Fln,Upplands Väsby,Upv,Skavstaby,Skby,2019-03-27 13:58:00,2019-03-27 13:59:00,2019-03-27 13:59:00.000,2019-03-27 13:58:00.000,2019-03-27 13:58:00.000,2019-03-27 13:58:00.000,0.0,0.0,1,1.0,0.0,0.0,0.0,0.0
20.0,2019-03-27,RST,FJÄRR,Passage,Passage,0,-,0,-,13,Cst,Fln,Skavstaby,Skby,Blackvreten,Bvr,2019-03-27 13:59:00,2019-03-27 14:02:00,2019-03-27 14:01:00.000,2019-03-27 13:59:00.000,2019-03-27 13:59:00.000,2019-03-27 13:59:00.000,0.0,0.0,3,2.0,-1.0,0.0,-1.0,0.0
20.0,2019-03-27,RST,FJÄRR,Passage,Passage,0,-,0,-,14,Cst,Fln,Blackvreten,Bvr,Arlanda nedre,Arne,2019-03-27 14:02:00,2019-03-27 14:03:00,2019-03-27 14:03:00.000,2019-03-27 14:01:00.000,2019-03-27 14:02:00.000,2019-03-27 14:01:00.000,0.0,0.0,1,2.0,1.0,-1.0,0.0,0.0
20.0,2019-03-27,RST,FJÄRR,Passage,Uppehåll,0,-,11,Av- och påstigande av resande,15,Cst,Fln,Arlanda nedre,Arne,Arlanda Central,Arnc,2019-03-27 14:03:00,2019-03-27 14:06:00,2019-03-27 14:04:00.000,2019-03-27 14:03:00.000,2019-03-27 14:03:00.000,2019-03-27 14:03:00.000,0.0,0.0,3,1.0,-2.0,0.0,-2.0,0.0
20.0,2019-03-27,RST,FJÄRR,Uppehåll,Passage,11,Av- och påstigande av resande,0,-,16,Cst,Fln,Arlanda Central,Arnc,Myrbacken,Myn,2019-03-27 14:08:00,2019-03-27 14:14:00,2019-03-27 14:12:00.000,2019-03-27 14:07:00.000,2019-03-27 14:06:00.000,2019-03-27 14:04:00.000,2.0,3.0,6,5.0,-1.0,-1.0,-2.0,1.0
20.0,2019-03-27,RST,FJÄRR,Passage,Passage,0,-,0,-,17,Cst,Fln,Myrbacken,Myn,Knivsta,Kn,2019-03-27 14:14:00,2019-03-27 14:15:00,2019-03-27 14:18:00.000,2019-03-27 14:12:00.000,2019-03-27 14:14:00.000,2019-03-27 14:12:00.000,0.0,0.0,1,6.0,5.0,-2.0,3.0,0.0
20.0,2019-03-27,RST,FJÄRR,Passage,Passage,0,-,0,-,18,Cst,Fln,Knivsta,Kn,Ekeby,Eby,2019-03-27 14:15:00,2019-03-27 14:18:00,2019-03-27 14:22:00.000,2019-03-27 14:18:00.000,2019-03-27 14:15:00.000,2019-03-27 14:18:00.000,0.0,0.0,3,4.0,1.0,3.0,4.0,0.0
20.0,2019-03-27,RST,FJÄRR,Passage,Passage,0,-,0,-,19,Cst,Fln,Ekeby,Eby,Säby,Säy,2019-03-27 14:18:00,2019-03-27 14:20:00,2019-03-27 14:24:00.000,2019-03-27 14:22:00.000,2019-03-27 14:18:00.000,2019-03-27 14:22:00.000,0.0,0.0,2,2.0,0.0,4.0,4.0,0.0
20.0,2019-03-27,RST,FJÄRR,Passage,Uppehåll,0,-,11,Av- och påstigande av resande,20,Cst,Fln,Säby,Säy,Uppsala c,U,2019-03-27 14:20:00,2019-03-27 14:24:00,2019-03-27 14:27:00.000,2019-03-27 14:24:00.000,2019-03-27 14:20:00.000,2019-03-27 14:24:00.000,0.0,0.0,4,3.0,-1.0,4.0,3.0,0.0
20.0,2019-03-27,RST,FJÄRR,Uppehåll,Passage,11,Av- och påstigande av resande,0,-,21,Cst,Fln,Uppsala c,U,Uppsala norra,Una,2019-03-27 14:26:00,2019-03-27 14:28:00,2019-03-27 14:31:00.000,2019-03-27 14:29:00.000,2019-03-27 14:24:00.000,2019-03-27 14:27:00.000,2.0,2.0,2,2.0,0.0,3.0,3.0,0.0
20.0,2019-03-27,RST,FJÄRR,Passage,Passage,0,-,0,-,22,Cst,Fln,Uppsala norra,Una,Brunna,Bna,2019-03-27 14:28:00,2019-03-27 14:33:00,2019-03-27 14:36:00.000,2019-03-27 14:31:00.000,2019-03-27 14:28:00.000,2019-03-27 14:31:00.000,0.0,0.0,5,5.0,0.0,3.0,3.0,0.0
20.0,2019-03-27,RST,FJÄRR,Passage,Passage,0,-,0,-,23,Cst,Fln,Brunna,Bna,Järlåsa,Jla,2019-03-27 14:33:00,2019-03-27 14:39:00,2019-03-27 14:42:00.000,2019-03-27 14:36:00.000,2019-03-27 14:33:00.000,2019-03-27 14:36:00.000,0.0,0.0,6,6.0,0.0,3.0,3.0,0.0
20.0,2019-03-27,RST,FJÄRR,Passage,Passage,0,-,0,-,24,Cst,Fln,Järlåsa,Jla,Morgongåva,Må,2019-03-27 14:39:00,2019-03-27 14:48:00,2019-03-27 14:48:00.000,2019-03-27 14:42:00.000,2019-03-27 14:39:00.000,2019-03-27 14:42:00.000,0.0,0.0,9,6.0,-3.0,3.0,0.0,0.0
20.0,2019-03-27,RST,FJÄRR,Passage,Passage,0,-,0,-,25,Cst,Fln,Morgongåva,Må,Heby,Hy,2019-03-27 14:48:00,2019-03-27 14:50:00,2019-03-27 14:51:00.000,2019-03-27 14:48:00.000,2019-03-27 14:48:00.000,2019-03-27 14:48:00.000,0.0,0.0,2,3.0,1.0,0.0,1.0,0.0
20.0,2019-03-27,RST,FJÄRR,Passage,Passage,0,-,0,-,26,Cst,Fln,Heby,Hy,Isätra,Ist,2019-03-27 14:50:00,2019-03-27 14:54:00,2019-03-27 14:54:00.000,2019-03-27 14:51:00.000,2019-03-27 14:50:00.000,2019-03-27 14:51:00.000,0.0,0.0,4,3.0,-1.0,1.0,0.0,0.0
20.0,2019-03-27,RST,FJÄRR,Passage,Uppehåll,0,-,11,Av- och påstigande av resande,27,Cst,Fln,Isätra,Ist,Sala,Sl,2019-03-27 14:54:00,2019-03-27 14:59:00,2019-03-27 14:59:00.000,2019-03-27 14:54:00.000,2019-03-27 14:54:00.000,2019-03-27 14:54:00.000,0.0,0.0,5,5.0,0.0,0.0,0.0,0.0
20.0,2019-03-27,RST,FJÄRR,Uppehåll,Passage,11,Av- och påstigande av resande,0,-,28,Cst,Fln,Sala,Sl,Broddbo,Bdo,2019-03-27 15:01:00,2019-03-27 15:07:00,2019-03-27 15:06:00.000,2019-03-27 15:01:00.000,2019-03-27 14:59:00.000,2019-03-27 14:59:00.000,2.0,2.0,6,5.0,-1.0,0.0,-1.0,0.0
20.0,2019-03-27,RST,FJÄRR,Passage,Passage,0,-,0,-,29,Cst,Fln,Broddbo,Bdo,Rosshyttan,Ry,2019-03-27 15:07:00,2019-03-27 15:12:00,2019-03-27 15:11:00.000,2019-03-27 15:06:00.000,2019-03-27 15:07:00.000,2019-03-27 15:06:00.000,0.0,0.0,5,5.0,0.0,-1.0,-1.0,0.0
20.0,2019-03-27,RST,FJÄRR,Passage,Uppehåll,0,-,11,Av- och påstigande av resande,30,Cst,Fln,Rosshyttan,Ry,Avesta Krylbo,Avky,2019-03-27 15:12:00,2019-03-27 15:19:00,2019-03-27 15:17:00.000,2019-03-27 15:11:00.000,2019-03-27 15:12:00.000,2019-03-27 15:11:00.000,0.0,0.0,7,6.0,-1.0,-1.0,-2.0,0.0
20.0,2019-03-27,RST,FJÄRR,Uppehåll,Passage,11,Av- och påstigande av resande,0,-,31,Cst,Fln,Avesta Krylbo,Avky,Avesta Centrum,Acm,2019-03-27 15:21:00,2019-03-27 15:24:00,2019-03-27 15:23:00.000,2019-03-27 15:20:00.000,2019-03-27 15:19:00.000,2019-03-27 15:17:00.000,2.0,3.0,3,3.0,0.0,-1.0,-1.0,1.0
20.0,2019-03-27,RST,FJÄRR,Passage,Passage,0,-,0,-,32,Cst,Fln,Avesta Centrum,Acm,Snickarbo,Snb,2019-03-27 15:24:00,2019-03-27 15:28:00,2019-03-27 15:27:00.000,,2019-03-27 15:24:00.000,2019-03-27 15:23:00.000,0.0,,4,,,,-1.0,
20.0,2019-03-27,RST,FJÄRR,Passage,Uppehåll,0,-,11,Av- och påstigande av resande,33,Cst,Fln,Snickarbo,Snb,Hedemora,Hdm,2019-03-27 15:28:00,2019-03-27 15:35:00,2019-03-27 15:33:00.000,2019-03-27 15:27:00.000,2019-03-27 15:28:00.000,2019-03-27 15:27:00.000,0.0,0.0,7,6.0,-1.0,-1.0,-2.0,0.0
20.0,2019-03-27,RST,FJÄRR,Uppehåll,Passage,11,Av- och påstigande av resande,0,-,34,Cst,Fln,Hedemora,Hdm,Vikmanshyttan,Vhy,2019-03-27 15:36:00,2019-03-27 15:41:00,2019-03-27 15:39:00.000,2019-03-27 15:35:00.000,2019-03-27 15:35:00.000,2019-03-27 15:33:00.000,1.0,2.0,5,4.0,-1.0,-1.0,-2.0,1.0
20.0,2019-03-27,RST,FJÄRR,Passage,Uppehåll,0,-,11,Av- och påstigande av resande,35,Cst,Fln,Vikmanshyttan,Vhy,Säter,St,2019-03-27 15:41:00,2019-03-27 15:47:00,2019-03-27 15:44:00.000,2019-03-27 15:39:00.000,2019-03-27 15:41:00.000,2019-03-27 15:39:00.000,0.0,0.0,6,5.0,-1.0,-2.0,-3.0,0.0
20.0,2019-03-27,RST,FJÄRR,Uppehåll,Passage,11,Av- och påstigande av resande,0,-,36,Cst,Fln,Säter,St,Gustafs,Gtf,2019-03-27 15:48:00,2019-03-27 15:54:00,2019-03-27 15:52:00.000,2019-03-27 15:47:00.000,2019-03-27 15:47:00.000,2019-03-27 15:44:00.000,1.0,3.0,6,5.0,-1.0,-1.0,-2.0,2.0
20.0,2019-03-27,RST,FJÄRR,Passage,Uppehåll,0,-,0,-,37,Cst,Fln,Gustafs,Gtf,Stora Tuna,Sau,2019-03-27 15:54:00,2019-03-27 15:57:00,2019-03-27 15:56:00.000,2019-03-27 15:52:00.000,2019-03-27 15:54:00.000,2019-03-27 15:52:00.000,0.0,0.0,3,4.0,1.0,-2.0,-1.0,0.0
20.0,2019-03-27,RST,FJÄRR,Uppehåll,Uppehåll,0,-,11,Av- och påstigande av resande,38,Cst,Fln,Stora Tuna,Sau,Borlänge c,Blg,2019-03-27 16:04:00,2019-03-27 16:10:00,2019-03-27 16:21:00.000,2019-03-27 16:07:00.000,2019-03-27 15:57:00.000,2019-03-27 15:56:00.000,7.0,11.0,6,14.0,8.0,3.0,11.0,4.0
20.0,2019-03-27,RST,FJÄRR,Uppehåll,Passage,11,Av- och påstigande av resande,0,-,39,Cst,Fln,Borlänge c,Blg,Ornäs,Orn,2019-03-27 16:13:00,2019-03-27 16:18:00,2019-03-27 16:28:00.000,2019-03-27 16:22:00.000,2019-03-27 16:10:00.000,2019-03-27 16:21:00.000,3.0,1.0,5,6.0,1.0,9.0,10.0,-2.0
20.0,2019-03-27,RST,FJÄRR,Passage,Passage,0,-,0,-,40,Cst,Fln,Ornäs,Orn,Hinsnoret,Hno,2019-03-27 16:18:00,2019-03-27 16:23:00,2019-03-27 16:35:00.000,2019-03-27 16:28:00.000,2019-03-27 16:18:00.000,2019-03-27 16:28:00.000,0.0,0.0,5,7.0,2.0,10.0,12.0,0.0
20.0,2019-03-27,RST,FJÄRR,Passage,Sista,0,-,10,Avstigande av resande,41,Cst,Fln,Hinsnoret,Hno,Falun,Fln,2019-03-27 16:23:00,2019-03-27 16:29:00,2019-03-27 16:42:00.000,2019-03-27 16:35:00.000,2019-03-27 16:23:00.000,2019-03-27 16:35:00.000,0.0,0.0,6,7.0,1.0,12.0,13.0,0.0
64.0,2019-03-27,RST,FJÄRR,Första,Passage,1,Påstigande av resande,0,-,1,Cst,Fln,Stockholm C,Cst,Karlberg,Ke,2019-03-27 16:48:00,2019-03-27 16:51:00,2019-03-27 16:51:00.000,2019-03-27 16:47:00.000,,,,,3,4.0,1.0,-1.0,0.0,
64.0,2019-03-27,RST,FJÄRR,Passage,Passage,0,-,0,-,2,Cst,Fln,Karlberg,Ke,Tomteboda övre,Tmö,2019-03-27 16:51:00,2019-03-27 16:51:00,2019-03-27 16:51:00.000,2019-03-27 16:51:00.000,2019-03-27 16:51:00.000,2019-03-27 16:51:00.000,0.0,0.0,0,0.0,0.0,0.0,0.0,0.0
64.0,2019-03-27,RST,FJÄRR,Passage,Passage,0,-,0,-,3,Cst,Fln,Tomteboda övre,Tmö,Solna,So,2019-03-27 16:51:00,2019-03-27 16:52:00,2019-03-27 16:52:00.000,2019-03-27 16:51:00.000,2019-03-27 16:51:00.000,2019-03-27 16:51:00.000,0.0,0.0,1,1.0,0.0,0.0,0.0,0.0
64.0,2019-03-27,RST,FJÄRR,Passage,Passage,0,-,0,-,4,Cst,Fln,Solna,So,Ulriksdal,Udl,2019-03-27 16:52:00,2019-03-27 16:53:00,2019-03-27 16:53:00.000,2019-03-27 16:52:00.000,2019-03-27 16:52:00.000,2019-03-27 16:52:00.000,0.0,0.0,1,1.0,0.0,0.0,0.0,0.0
64.0,2019-03-27,RST,FJÄRR,Passage,Passage,0,-,0,-,5,Cst,Fln,Ulriksdal,Udl,Helenelund,Hel,2019-03-27 16:53:00,2019-03-27 16:54:00,2019-03-27 16:54:00.000,2019-03-27 16:53:00.000,2019-03-27 16:53:00.000,2019-03-27 16:53:00.000,0.0,0.0,1,1.0,0.0,0.0,0.0,0.0
64.0,2019-03-27,RST,FJÄRR,Passage,Passage,0,-,0,-,6,Cst,Fln,Helenelund,Hel,Kummelby,Kmy,2019-03-27 16:54:00,2019-03-27 16:55:00,2019-03-27 16:55:00.000,2019-03-27 16:54:00.000,2019-03-27 16:54:00.000,2019-03-27 16:54:00.000,0.0,0.0,1,1.0,0.0,0.0,0.0,0.0
64.0,2019-03-27,RST,FJÄRR,Passage,Passage,0,-,0,-,7,Cst,Fln,Kummelby,Kmy,Sollentuna,Sol,2019-03-27 16:55:00,2019-03-27 16:55:00,2019-03-27 16:55:00.000,2019-03-27 16:55:00.000,2019-03-27 16:55:00.000,2019-03-27 16:55:00.000,0.0,0.0,0,0.0,0.0,0.0,0.0,0.0
64.0,2019-03-27,RST,FJÄRR,Passage,Passage,0,-,0,-,8,Cst,Fln,Sollentuna,Sol,Häggvik,Hgv,2019-03-27 16:55:00,2019-03-27 16:56:00,2019-03-27 16:56:00.000,2019-03-27 16:55:00.000,2019-03-27 16:55:00.000,2019-03-27 16:55:00.000,0.0,0.0,1,1.0,0.0,0.0,0.0,0.0
64.0,2019-03-27,RST,FJÄRR,Passage,Passage,0,-,0,-,9,Cst,Fln,Häggvik,Hgv,Norrviken,Nvk,2019-03-27 16:56:00,2019-03-27 16:57:00,2019-03-27 16:56:00.000,2019-03-27 16:56:00.000,2019-03-27 16:56:00.000,2019-03-27 16:56:00.000,0.0,0.0,1,0.0,-1.0,0.0,-1.0,0.0
64.0,2019-03-27,RST,FJÄRR,Passage,Passage,0,-,0,-,10,Cst,Fln,Norrviken,Nvk,Rotebro,R,2019-03-27 16:57:00,2019-03-27 16:57:00,2019-03-27 16:56:00.000,2019-03-27 16:56:00.000,2019-03-27 16:57:00.000,2019-03-27 16:56:00.000,0.0,0.0,0,0.0,0.0,-1.0,-1.0,0.0
64.0,2019-03-27,RST,FJÄRR,Passage,Passage,0,-,0,-,11,Cst,Fln,Rotebro,R,Upplands Väsby,Upv,2019-03-27 16:57:00,2019-03-27 16:59:00,2019-03-27 16:59:00.000,2019-03-27 16:56:00.000,2019-03-27 16:57:00.000,2019-03-27 16:56:00.000,0.0,0.0,2,3.0,1.0,-1.0,0.0,0.0
64.0,2019-03-27,RST,FJÄRR,Passage,Passage,0,-,0,-,12,Cst,Fln,Upplands Väsby,Upv,Skavstaby,Skby,2019-03-27 16:59:00,2019-03-27 17:00:00,2019-03-27 17:00:00.000,2019-03-27 16:59:00.000,2019-03-27 16:59:00.000,2019-03-27 16:59:00.000,0.0,0.0,1,1.0,0.0,0.0,0.0,0.0
64.0,2019-03-27,RST,FJÄRR,Passage,Passage,0,-,0,-,13,Cst,Fln,Skavstaby,Skby,Blackvreten,Bvr,2019-03-27 17:00:00,2019-03-27 17:02:00,2019-03-27 17:02:00.000,2019-03-27 17:00:00.000,2019-03-27 17:00:00.000,2019-03-27 17:00:00.000,0.0,0.0,2,2.0,0.0,0.0,0.0,0.0
64.0,2019-03-27,RST,FJÄRR,Passage,Passage,0,-,0,-,14,Cst,Fln,Blackvreten,Bvr,Arlanda nedre,Arne,2019-03-27 17:02:00,2019-03-27 17:03:00,2019-03-27 17:03:00.000,2019-03-27 17:02:00.000,2019-03-27 17:02:00.000,2019-03-27 17:02:00.000,0.0,0.0,1,1.0,0.0,0.0,0.0,0.0
64.0,2019-03-27,RST,FJÄRR,Passage,Uppehåll,0,-,1,Påstigande av resande,15,Cst,Fln,Arlanda nedre,Arne,Arlanda Central,Arnc,2019-03-27 17:03:00,2019-03-27 17:06:00,2019-03-27 17:05:00.000,2019-03-27 17:03:00.000,2019-03-27 17:03:00.000,2019-03-27 17:03:00.000,0.0,0.0,3,2.0,-1.0,0.0,-1.0,0.0
64.0,2019-03-27,RST,FJÄRR,Uppehåll,Passage,1,Påstigande av resande,0,-,16,Cst,Fln,Arlanda Central,Arnc,Myrbacken,Myn,2019-03-27 17:08:00,2019-03-27 17:13:00,2019-03-27 17:11:00.000,2019-03-27 17:07:00.000,2019-03-27 17:06:00.000,2019-03-27 17:05:00.000,2.0,2.0,5,4.0,-1.0,-1.0,-2.0,0.0
64.0,2019-03-27,RST,FJÄRR,Passage,Passage,0,-,0,-,17,Cst,Fln,Myrbacken,Myn,Knivsta,Kn,2019-03-27 17:13:00,2019-03-27 17:15:00,2019-03-27 17:17:00.000,2019-03-27 17:11:00.000,2019-03-27 17:13:00.000,2019-03-27 17:11:00.000,0.0,0.0,2,6.0,4.0,-2.0,2.0,0.0
64.0,2019-03-27,RST,FJÄRR,Passage,Passage,0,-,0,-,18,Cst,Fln,Knivsta,Kn,Ekeby,Eby,2019-03-27 17:15:00,2019-03-27 17:17:00,2019-03-27 17:20:00.000,2019-03-27 17:17:00.000,2019-03-27 17:15:00.000,2019-03-27 17:17:00.000,0.0,0.0,2,3.0,1.0,2.0,3.0,0.0
64.0,2019-03-27,RST,FJÄRR,Passage,Passage,0,-,0,-,19,Cst,Fln,Ekeby,Eby,Säby,Säy,2019-03-27 17:17:00,2019-03-27 17:19:00,2019-03-27 17:22:00.000,2019-03-27 17:20:00.000,2019-03-27 17:17:00.000,2019-03-27 17:20:00.000,0.0,0.0,2,2.0,0.0,3.0,3.0,0.0
64.0,2019-03-27,RST,FJÄRR,Passage,Uppehåll,0,-,1,Påstigande av resande,20,Cst,Fln,Säby,Säy,Uppsala c,U,2019-03-27 17:19:00,2019-03-27 17:23:00,2019-03-27 17:25:00.000,2019-03-27 17:22:00.000,2019-03-27 17:19:00.000,2019-03-27 17:22:00.000,0.0,0.0,4,3.0,-1.0,3.0,2.0,0.0
64.0,2019-03-27,RST,FJÄRR,Uppehåll,Uppehåll,1,Påstigande av resande,0,-,21,Cst,Fln,Uppsala c,U,Uppsala norra,Una,2019-03-27 17:26:00,2019-03-27 17:29:00,2019-03-27 17:29:00.000,2019-03-27 17:27:00.000,2019-03-27 17:23:00.000,2019-03-27 17:25:00.000,3.0,2.0,3,2.0,-1.0,1.0,0.0,-1.0
64.0,2019-03-27,RST,FJÄRR,Uppehåll,Passage,0,-,0,-,22,Cst,Fln,Uppsala norra,Una,Brunna,Bna,2019-03-27 17:32:00,2019-03-27 17:38:00,2019-03-27 17:40:00.000,2019-03-27 17:34:00.000,2019-03-27 17:29:00.000,2019-03-27 17:29:00.000,3.0,5.0,6,6.0,0.0,2.0,2.0,2.0
64.0,2019-03-27,RST,FJÄRR,Passage,Passage,0,-,0,-,23,Cst,Fln,Brunna,Bna,Järlåsa,Jla,2019-03-27 17:38:00,2019-03-27 17:44:00,2019-03-27 17:46:00.000,2019-03-27 17:40:00.000,2019-03-27 17:38:00.000,2019-03-27 17:40:00.000,0.0,0.0,6,6.0,0.0,2.0,2.0,0.0
64.0,2019-03-27,RST,FJÄRR,Passage,Passage,0,-,0,-,24,Cst,Fln,Järlåsa,Jla,Morgongåva,Må,2019-03-27 17:44:00,2019-03-27 17:52:00,2019-03-27 17:53:00.000,2019-03-27 17:46:00.000,2019-03-27 17:44:00.000,2019-03-27 17:46:00.000,0.0,0.0,8,7.0,-1.0,2.0,1.0,0.0
64.0,2019-03-27,RST,FJÄRR,Passage,Passage,0,-,0,-,25,Cst,Fln,Morgongåva,Må,Heby,Hy,2019-03-27 17:52:00,2019-03-27 17:55:00,2019-03-27 17:55:00.000,2019-03-27 17:53:00.000,2019-03-27 17:52:00.000,2019-03-27 17:53:00.000,0.0,0.0,3,2.0,-1.0,1.0,0.0,0.0
64.0,2019-03-27,RST,FJÄRR,Passage,Passage,0,-,0,-,26,Cst,Fln,Heby,Hy,Isätra,Ist,2019-03-27 17:55:00,2019-03-27 17:58:00,2019-03-27 17:59:00.000,2019-03-27 17:55:00.000,2019-03-27 17:55:00.000,2019-03-27 17:55:00.000,0.0,0.0,3,4.0,1.0,0.0,1.0,0.0
64.0,2019-03-27,RST,FJÄRR,Passage,Uppehåll,0,-,11,Av- och påstigande av resande,27,Cst,Fln,Isätra,Ist,Sala,Sl,2019-03-27 17:58:00,2019-03-27 18:04:00,2019-03-27 18:04:00.000,2019-03-27 17:59:00.000,2019-03-27 17:58:00.000,2019-03-27 17:59:00.000,0.0,0.0,6,5.0,-1.0,1.0,0.0,0.0
64.0,2019-03-27,RST,FJÄRR,Uppehåll,Passage,11,Av- och påstigande av resande,0,-,28,Cst,Fln,Sala,Sl,Broddbo,Bdo,2019-03-27 18:06:00,2019-03-27 18:11:00,2019-03-27 18:12:00.000,2019-03-27 18:07:00.000,2019-03-27 18:04:00.000,2019-03-27 18:04:00.000,2.0,3.0,5,5.0,0.0,1.0,1.0,1.0
64.0,2019-03-27,RST,FJÄRR,Passage,Passage,0,-,0,-,29,Cst,Fln,Broddbo,Bdo,Rosshyttan,Ry,2019-03-27 18:11:00,2019-03-27 18:16:00,2019-03-27 18:17:00.000,2019-03-27 18:12:00.000,2019-03-27 18:11:00.000,2019-03-27 18:12:00.000,0.0,0.0,5,5.0,0.0,1.0,1.0,0.0
64.0,2019-03-27,RST,FJÄRR,Passage,Uppehåll,0,-,11,Av- och påstigande av resande,30,Cst,Fln,Rosshyttan,Ry,Avesta Krylbo,Avky,2019-03-27 18:16:00,2019-03-27 18:23:00,2019-03-27 18:23:00.000,2019-03-27 18:17:00.000,2019-03-27 18:16:00.000,2019-03-27 18:17:00.000,0.0,0.0,7,6.0,-1.0,1.0,0.0,0.0
64.0,2019-03-27,RST,FJÄRR,Uppehåll,Passage,11,Av- och påstigande av resande,0,-,31,Cst,Fln,Avesta Krylbo,Avky,Avesta Centrum,Acm,2019-03-27 18:24:00,2019-03-27 18:28:00,2019-03-27 18:28:00.000,2019-03-27 18:24:00.000,2019-03-27 18:23:00.000,2019-03-27 18:23:00.000,1.0,1.0,4,4.0,0.0,0.0,0.0,0.0
64.0,2019-03-27,RST,FJÄRR,Passage,Passage,0,-,0,-,32,Cst,Fln,Avesta Centrum,Acm,Snickarbo,Snb,2019-03-27 18:28:00,2019-03-27 18:31:00,2019-03-27 18:31:00.000,,2019-03-27 18:28:00.000,2019-03-27 18:28:00.000,0.0,,3,,,,0.0,
64.0,2019-03-27,RST,FJÄRR,Passage,Passage,0,-,0,-,33,Cst,Fln,Snickarbo,Snb,Hedemora,Hdm,2019-03-27 18:31:00,2019-03-27 18:37:00,2019-03-27 18:36:00.000,2019-03-27 18:31:00.000,2019-03-27 18:31:00.000,2019-03-27 18:31:00.000,0.0,0.0,6,5.0,-1.0,0.0,-1.0,0.0
64.0,2019-03-27,RST,FJÄRR,Passage,Passage,0,-,0,-,34,Cst,Fln,Hedemora,Hdm,Vikmanshyttan,Vhy,2019-03-27 18:37:00,2019-03-27 18:41:00,2019-03-27 18:40:00.000,2019-03-27 18:36:00.000,2019-03-27 18:37:00.000,2019-03-27 18:36:00.000,0.0,0.0,4,4.0,0.0,-1.0,-1.0,0.0
64.0,2019-03-27,RST,FJÄRR,Passage,Passage,0,-,0,-,35,Cst,Fln,Vikmanshyttan,Vhy,Säter,St,2019-03-27 18:41:00,2019-03-27 18:46:00,2019-03-27 18:44:00.000,2019-03-27 18:40:00.000,2019-03-27 18:41:00.000,2019-03-27 18:40:00.000,0.0,0.0,5,4.0,-1.0,-1.0,-2.0,0.0
64.0,2019-03-27,RST,FJÄRR,Passage,Passage,0,-,0,-,36,Cst,Fln,Säter,St,Gustafs,Gtf,2019-03-27 18:46:00,2019-03-27 18:51:00,2019-03-27 18:49:00.000,2019-03-27 18:44:00.000,2019-03-27 18:46:00.000,2019-03-27 18:44:00.000,0.0,0.0,5,5.0,0.0,-2.0,-2.0,0.0
64.0,2019-03-27,RST,FJÄRR,Passage,Passage,0,-,0,-,37,Cst,Fln,Gustafs,Gtf,Stora Tuna,Sau,2019-03-27 18:51:00,2019-03-27 18:54:00,2019-03-27 18:52:00.000,2019-03-27 18:49:00.000,2019-03-27 18:51:00.000,2019-03-27 18:49:00.000,0.0,0.0,3,3.0,0.0,-2.0,-2.0,0.0
64.0,2019-03-27,RST,FJÄRR,Passage,Uppehåll,0,-,11,Av- och påstigande av resande,38,Cst,Fln,Stora Tuna,Sau,Borlänge c,Blg,2019-03-27 18:54:00,2019-03-27 19:00:00,2019-03-27 19:02:00.000,2019-03-27 18:52:00.000,2019-03-27 18:54:00.000,2019-03-27 18:52:00.000,0.0,0.0,6,10.0,4.0,-2.0,2.0,0.0
280.0,2019-03-27,RST,REGION,Första,Passage,1,Påstigande av resande,0,-,1,Cst,Gä,Stockholm C,Cst,Karlberg,Ke,2019-03-27 16:32:00,2019-03-27 16:35:00,2019-03-27 16:33:00.000,2019-03-27 16:31:00.000,,,,,3,2.0,-1.0,-1.0,-2.0,
280.0,2019-03-27,RST,REGION,Passage,Passage,0,-,0,-,2,Cst,Gä,Karlberg,Ke,Tomteboda övre,Tmö,2019-03-27 16:35:00,2019-03-27 16:35:00,2019-03-27 16:34:00.000,2019-03-27 16:33:00.000,2019-03-27 16:35:00.000,2019-03-27 16:33:00.000,0.0,0.0,0,1.0,1.0,-2.0,-1.0,0.0
280.0,2019-03-27,RST,REGION,Passage,Passage,0,-,0,-,3,Cst,Gä,Tomteboda övre,Tmö,Solna,So,2019-03-27 16:35:00,2019-03-27 16:36:00,2019-03-27 16:35:00.000,2019-03-27 16:34:00.000,2019-03-27 16:35:00.000,2019-03-27 16:34:00.000,0.0,0.0,1,1.0,0.0,-1.0,-1.0,0.0
280.0,2019-03-27,RST,REGION,Passage,Passage,0,-,0,-,4,Cst,Gä,Solna,So,Ulriksdal,Udl,2019-03-27 16:36:00,2019-03-27 16:37:00,2019-03-27 16:36:00.000,2019-03-27 16:35:00.000,2019-03-27 16:36:00.000,2019-03-27 16:35:00.000,0.0,0.0,1,1.0,0.0,-1.0,-1.0,0.0
280.0,2019-03-27,RST,REGION,Passage,Passage,0,-,0,-,5,Cst,Gä,Ulriksdal,Udl,Helenelund,Hel,2019-03-27 16:37:00,2019-03-27 16:39:00,2019-03-27 16:37:00.000,2019-03-27 16:36:00.000,2019-03-27 16:37:00.000,2019-03-27 16:36:00.000,0.0,0.0,2,1.0,-1.0,-1.0,-2.0,0.0
280.0,2019-03-27,RST,REGION,Passage,Passage,0,-,0,-,6,Cst,Gä,Helenelund,Hel,Kummelby,Kmy,2019-03-27 16:39:00,2019-03-27 16:39:00,2019-03-27 16:38:00.000,2019-03-27 16:37:00.000,2019-03-27 16:39:00.000,2019-03-27 16:37:00.000,0.0,0.0,0,1.0,1.0,-2.0,-1.0,0.0
280.0,2019-03-27,RST,REGION,Passage,Passage,0,-,0,-,7,Cst,Gä,Kummelby,Kmy,Sollentuna,Sol,2019-03-27 16:39:00,2019-03-27 16:40:00,2019-03-27 16:38:00.000,2019-03-27 16:38:00.000,2019-03-27 16:39:00.000,2019-03-27 16:38:00.000,0.0,0.0,1,0.0,-1.0,-1.0,-2.0,0.0
280.0,2019-03-27,RST,REGION,Passage,Passage,0,-,0,-,8,Cst,Gä,Sollentuna,Sol,Häggvik,Hgv,2019-03-27 16:40:00,2019-03-27 16:40:00,2019-03-27 16:39:00.000,2019-03-27 16:38:00.000,2019-03-27 16:40:00.000,2019-03-27 16:38:00.000,0.0,0.0,0,1.0,1.0,-2.0,-1.0,0.0
280.0,2019-03-27,RST,REGION,Passage,Passage,0,-,0,-,9,Cst,Gä,Häggvik,Hgv,Norrviken,Nvk,2019-03-27 16:40:00,2019-03-27 16:41:00,2019-03-27 16:39:00.000,2019-03-27 16:39:00.000,2019-03-27 16:40:00.000,2019-03-27 16:39:00.000,0.0,0.0,1,0.0,-1.0,-1.0,-2.0,0.0
280.0,2019-03-27,RST,REGION,Passage,Passage,0,-,0,-,10,Cst,Gä,Norrviken,Nvk,Rotebro,R,2019-03-27 16:41:00,2019-03-27 16:41:00,2019-03-27 16:40:00.000,2019-03-27 16:39:00.000,2019-03-27 16:41:00.000,2019-03-27 16:39:00.000,0.0,0.0,0,1.0,1.0,-2.0,-1.0,0.0
280.0,2019-03-27,RST,REGION,Passage,Passage,0,-,0,-,11,Cst,Gä,Rotebro,R,Upplands Väsby,Upv,2019-03-27 16:41:00,2019-03-27 16:43:00,2019-03-27 16:42:00.000,2019-03-27 16:40:00.000,2019-03-27 16:41:00.000,2019-03-27 16:40:00.000,0.0,0.0,2,2.0,0.0,-1.0,-1.0,0.0
280.0,2019-03-27,RST,REGION,Passage,Passage,0,-,0,-,12,Cst,Gä,Upplands Väsby,Upv,Skavstaby,Skby,2019-03-27 16:43:00,2019-03-27 16:45:00,2019-03-27 16:44:00.000,2019-03-27 16:42:00.000,2019-03-27 16:43:00.000,2019-03-27 16:42:00.000,0.0,0.0,2,2.0,0.0,-1.0,-1.0,0.0
280.0,2019-03-27,RST,REGION,Passage,Passage,0,-,0,-,13,Cst,Gä,Skavstaby,Skby,Blackvreten,Bvr,2019-03-27 16:45:00,2019-03-27 16:47:00,2019-03-27 16:47:00.000,2019-03-27 16:44:00.000,2019-03-27 16:45:00.000,2019-03-27 16:44:00.000,0.0,0.0,2,3.0,1.0,-1.0,0.0,0.0
280.0,2019-03-27,RST,REGION,Passage,Passage,0,-,0,-,14,Cst,Gä,Blackvreten,Bvr,Arlanda nedre,Arne,2019-03-27 16:47:00,2019-03-27 16:49:00,2019-03-27 16:50:00.000,2019-03-27 16:47:00.000,2019-03-27 16:47:00.000,2019-03-27 16:47:00.000,0.0,0.0,2,3.0,1.0,0.0,1.0,0.0
280.0,2019-03-27,RST,REGION,Passage,Uppehåll,0,-,11,Av- och påstigande av resande,15,Cst,Gä,Arlanda nedre,Arne,Arlanda Central,Arnc,2019-03-27 16:49:00,2019-03-27 16:52:00,2019-03-27 16:52:00.000,2019-03-27 16:50:00.000,2019-03-27 16:49:00.000,2019-03-27 16:50:00.000,0.0,0.0,3,2.0,-1.0,1.0,0.0,0.0
280.0,2019-03-27,RST,REGION,Uppehåll,Passage,11,Av- och påstigande av resande,0,-,16,Cst,Gä,Arlanda Central,Arnc,Myrbacken,Myn,2019-03-27 16:54:00,2019-03-27 16:59:00,2019-03-27 17:00:00.000,2019-03-27 16:54:00.000,2019-03-27 16:52:00.000,2019-03-27 16:52:00.000,2.0,2.0,5,6.0,1.0,0.0,1.0,0.0
280.0,2019-03-27,RST,REGION,Passage,Passage,0,-,0,-,17,Cst,Gä,Myrbacken,Myn,Knivsta,Kn,2019-03-27 16:59:00,2019-03-27 17:01:00,2019-03-27 17:08:00.000,2019-03-27 17:00:00.000,2019-03-27 16:59:00.000,2019-03-27 17:00:00.000,0.0,0.0,2,8.0,6.0,1.0,7.0,0.0
280.0,2019-03-27,RST,REGION,Passage,Passage,0,-,0,-,18,Cst,Gä,Knivsta,Kn,Ekeby,Eby,2019-03-27 17:01:00,2019-03-27 17:03:00,2019-03-27 17:11:00.000,2019-03-27 17:08:00.000,2019-03-27 17:01:00.000,2019-03-27 17:08:00.000,0.0,0.0,2,3.0,1.0,7.0,8.0,0.0
280.0,2019-03-27,RST,REGION,Passage,Passage,0,-,0,-,19,Cst,Gä,Ekeby,Eby,Säby,Säy,2019-03-27 17:03:00,2019-03-27 17:06:00,2019-03-27 17:13:00.000,2019-03-27 17:11:00.000,2019-03-27 17:03:00.000,2019-03-27 17:11:00.000,0.0,0.0,3,2.0,-1.0,8.0,7.0,0.0
280.0,2019-03-27,RST,REGION,Passage,Uppehåll,0,-,11,Av- och påstigande av resande,20,Cst,Gä,Säby,Säy,Uppsala c,U,2019-03-27 17:06:00,2019-03-27 17:09:00,2019-03-27 17:16:00.000,2019-03-27 17:13:00.000,2019-03-27 17:06:00.000,2019-03-27 17:13:00.000,0.0,0.0,3,3.0,0.0,7.0,7.0,0.0
280.0,2019-03-27,RST,REGION,Uppehåll,Passage,11,Av- och påstigande av resande,0,-,21,Cst,Gä,Uppsala c,U,Samnan,Sam,2019-03-27 17:11:00,2019-03-27 17:15:00,2019-03-27 17:25:00.000,2019-03-27 17:22:00.000,2019-03-27 17:09:00.000,2019-03-27 17:16:00.000,2.0,6.0,4,3.0,-1.0,11.0,10.0,4.0
280.0,2019-03-27,RST,REGION,Passage,Passage,0,-,0,-,22,Cst,Gä,Samnan,Sam,Storvreta,Srv,2019-03-27 17:15:00,2019-03-27 17:17:00,2019-03-27 17:27:00.000,2019-03-27 17:25:00.000,2019-03-27 17:15:00.000,2019-03-27 17:25:00.000,0.0,0.0,2,2.0,0.0,10.0,10.0,0.0
280.0,2019-03-27,RST,REGION,Passage,Passage,0,-,0,-,23,Cst,Gä,Storvreta,Srv,Vattholma,Vha,2019-03-27 17:17:00,2019-03-27 17:20:00,2019-03-27 17:32:00.000,2019-03-27 17:27:00.000,2019-03-27 17:17:00.000,2019-03-27 17:27:00.000,0.0,0.0,3,5.0,2.0,10.0,12.0,0.0
280.0,2019-03-27,RST,REGION,Passage,Passage,0,-,0,-,24,Cst,Gä,Vattholma,Vha,Salsta,Sas,2019-03-27 17:20:00,2019-03-27 17:20:00,2019-03-27 17:33:00.000,2019-03-27 17:32:00.000,2019-03-27 17:20:00.000,2019-03-27 17:32:00.000,0.0,0.0,0,1.0,1.0,12.0,13.0,0.0
280.0,2019-03-27,RST,REGION,Passage,Passage,0,-,0,-,25,Cst,Gä,Salsta,Sas,Skyttorp,Syt,2019-03-27 17:20:00,2019-03-27 17:22:00,2019-03-27 17:36:00.000,2019-03-27 17:33:00.000,2019-03-27 17:20:00.000,2019-03-27 17:33:00.000,0.0,0.0,2,3.0,1.0,13.0,14.0,0.0
280.0,2019-03-27,RST,REGION,Passage,Passage,0,-,0,-,26,Cst,Gä,Skyttorp,Syt,Järlebo,Jlo,2019-03-27 17:22:00,2019-03-27 17:23:00,2019-03-27 17:40:00.000,2019-03-27 17:36:00.000,2019-03-27 17:22:00.000,2019-03-27 17:36:00.000,0.0,0.0,1,4.0,3.0,14.0,17.0,0.0
280.0,2019-03-27,RST,REGION,Passage,Passage,0,-,0,-,27,Cst,Gä,Järlebo,Jlo,Örbyhus,Öh,2019-03-27 17:23:00,2019-03-27 17:28:00,2019-03-27 17:44:00.000,2019-03-27 17:40:00.000,2019-03-27 17:23:00.000,2019-03-27 17:40:00.000,0.0,0.0,5,4.0,-1.0,17.0,16.0,0.0
280.0,2019-03-27,RST,REGION,Passage,Passage,0,-,0,-,28,Cst,Gä,Örbyhus,Öh,Tobo,Tbo,2019-03-27 17:28:00,2019-03-27 17:30:00,2019-03-27 17:47:00.000,2019-03-27 17:44:00.000,2019-03-27 17:28:00.000,2019-03-27 17:44:00.000,0.0,0.0,2,3.0,1.0,16.0,17.0,0.0
280.0,2019-03-27,RST,REGION,Passage,Passage,0,-,0,-,29,Cst,Gä,Tobo,Tbo,Skärpan,Säp,2019-03-27 17:30:00,2019-03-27 17:32:00,2019-03-27 17:50:00.000,2019-03-27 17:47:00.000,2019-03-27 17:30:00.000,2019-03-27 17:47:00.000,0.0,0.0,2,3.0,1.0,17.0,18.0,0.0
280.0,2019-03-27,RST,REGION,Passage,Uppehåll,0,-,11,Av- och påstigande av resande,30,Cst,Gä,Skärpan,Säp,Tierp,Tip,2019-03-27 17:32:00,2019-03-27 17:35:00,2019-03-27 17:54:00.000,2019-03-27 17:50:00.000,2019-03-27 17:32:00.000,2019-03-27 17:50:00.000,0.0,0.0,3,4.0,1.0,18.0,19.0,0.0
280.0,2019-03-27,RST,REGION,Uppehåll,Passage,11,Av- och påstigande av resande,0,-,31,Cst,Gä,Tierp,Tip,Orrskog,Os,2019-03-27 17:36:00,2019-03-27 17:40:00,2019-03-27 17:58:00.000,2019-03-27 17:55:00.000,2019-03-27 17:35:00.000,2019-03-27 17:54:00.000,1.0,1.0,4,3.0,-1.0,19.0,18.0,0.0
280.0,2019-03-27,RST,REGION,Passage,Passage,0,-,0,-,32,Cst,Gä,Orrskog,Os,Mehedeby,Meh,2019-03-27 17:40:00,2019-03-27 17:42:00,2019-03-27 18:02:00.000,2019-03-27 17:58:00.000,2019-03-27 17:40:00.000,2019-03-27 17:58:00.000,0.0,0.0,2,4.0,2.0,18.0,20.0,0.0
280.0,2019-03-27,RST,REGION,Passage,Passage,0,-,0,-,33,Cst,Gä,Mehedeby,Meh,Marma,Mrm,2019-03-27 17:42:00,2019-03-27 17:43:00,2019-03-27 18:04:00.000,2019-03-27 18:02:00.000,2019-03-27 17:42:00.000,2019-03-27 18:02:00.000,0.0,0.0,1,2.0,1.0,20.0,21.0,0.0
280.0,2019-03-27,RST,REGION,Passage,Passage,0,-,0,-,34,Cst,Gä,Marma,Mrm,Marma norra,Maa,2019-03-27 17:43:00,2019-03-27 17:43:00,2019-03-27 18:07:00.000,2019-03-27 18:04:00.000,2019-03-27 17:43:00.000,2019-03-27 18:04:00.000,0.0,0.0,0,3.0,3.0,21.0,24.0,0.0
280.0,2019-03-27,RST,REGION,Passage,Passage,0,-,0,-,35,Cst,Gä,Marma norra,Maa,Älvkarleby,Äkb,2019-03-27 17:43:00,2019-03-27 17:46:00,2019-03-27 18:11:00.000,2019-03-27 18:07:00.000,2019-03-27 17:43:00.000,2019-03-27 18:07:00.000,0.0,0.0,3,4.0,1.0,24.0,25.0,0.0
280.0,2019-03-27,RST,REGION,Passage,Passage,0,-,0,-,36,Cst,Gä,Älvkarleby,Äkb,Skutskär,Sur,2019-03-27 17:46:00,2019-03-27 17:49:00,2019-03-27 18:17:00.000,2019-03-27 18:11:00.000,2019-03-27 17:46:00.000,2019-03-27 18:11:00.000,0.0,0.0,3,6.0,3.0,25.0,28.0,0.0
280.0,2019-03-27,RST,REGION,Passage,Passage,0,-,0,-,37,Cst,Gä,Skutskär,Sur,Furuvik,Fvk,2019-03-27 17:49:00,2019-03-27 17:51:00,2019-03-27 18:20:00.000,2019-03-27 18:17:00.000,2019-03-27 17:49:00.000,2019-03-27 18:17:00.000,0.0,0.0,2,3.0,1.0,28.0,29.0,0.0
280.0,2019-03-27,RST,REGION,Passage,Passage,0,-,0,-,38,Cst,Gä,Furuvik,Fvk,Bomansberget,Bom,2019-03-27 17:51:00,2019-03-27 17:52:00,2019-03-27 18:21:00.000,2019-03-27 18:20:00.000,2019-03-27 17:51:00.000,2019-03-27 18:20:00.000,0.0,0.0,1,1.0,0.0,29.0,29.0,0.0
280.0,2019-03-27,RST,REGION,Passage,Sista,0,-,10,Avstigande av resande,39,Cst,Gä,Bomansberget,Bom,Gävle c,Gä,2019-03-27 17:52:00,2019-03-27 17:56:00,2019-03-27 18:27:00.000,2019-03-27 18:21:00.000,2019-03-27 17:52:00.000,2019-03-27 18:21:00.000,0.0,0.0,4,6.0,2.0,29.0,31.0,0.0
8412.0,2019-03-27,RST,REGION,Första,Passage,1,Påstigande av resande,0,-,1,U,Gä,Uppsala c,U,Samnan,Sam,2019-03-27 08:14:00,2019-03-27 08:18:00,2019-03-27 08:16:00.000,2019-03-27 08:13:00.000,,,,,4,3.0,-1.0,-1.0,-2.0,
8412.0,2019-03-27,RST,REGION,Passage,Uppehåll,0,-,11,Av- och påstigande av resande,2,U,Gä,Samnan,Sam,Storvreta,Srv,2019-03-27 08:18:00,2019-03-27 08:21:00,2019-03-27 08:19:00.000,2019-03-27 08:16:00.000,2019-03-27 08:18:00.000,2019-03-27 08:16:00.000,0.0,0.0,3,3.0,0.0,-2.0,-2.0,0.0
8412.0,2019-03-27,RST,REGION,Uppehåll,Uppehåll,11,Av- och påstigande av resande,11,Av- och påstigande av resande,3,U,Gä,Storvreta,Srv,Vattholma,Vha,2019-03-27 08:21:00,2019-03-27 08:26:00,2019-03-27 08:24:00.000,2019-03-27 08:21:00.000,2019-03-27 08:21:00.000,2019-03-27 08:19:00.000,0.0,2.0,5,3.0,-2.0,0.0,-2.0,2.0
8412.0,2019-03-27,RST,REGION,Uppehåll,Passage,11,Av- och påstigande av resande,0,-,4,U,Gä,Vattholma,Vha,Salsta,Sas,2019-03-27 08:26:00,2019-03-27 08:28:00,2019-03-27 08:27:00.000,2019-03-27 08:25:00.000,2019-03-27 08:26:00.000,2019-03-27 08:24:00.000,0.0,1.0,2,2.0,0.0,-1.0,-1.0,1.0
8412.0,2019-03-27,RST,REGION,Passage,Uppehåll,0,-,11,Av- och påstigande av resande,5,U,Gä,Salsta,Sas,Skyttorp,Syt,2019-03-27 08:28:00,2019-03-27 08:30:00,2019-03-27 08:29:00.000,2019-03-27 08:27:00.000,2019-03-27 08:28:00.000,2019-03-27 08:27:00.000,0.0,0.0,2,2.0,0.0,-1.0,-1.0,0.0
8412.0,2019-03-27,RST,REGION,Uppehåll,Passage,11,Av- och påstigande av resande,0,-,6,U,Gä,Skyttorp,Syt,Järlebo,Jlo,2019-03-27 08:30:00,2019-03-27 08:33:00,2019-03-27 08:33:00.000,2019-03-27 08:30:00.000,2019-03-27 08:30:00.000,2019-03-27 08:29:00.000,0.0,1.0,3,3.0,0.0,0.0,0.0,1.0
8412.0,2019-03-27,RST,REGION,Passage,Uppehåll,0,-,11,Av- och påstigande av resande,7,U,Gä,Järlebo,Jlo,Örbyhus,Öh,2019-03-27 08:33:00,2019-03-27 08:38:00,2019-03-27 08:37:00.000,2019-03-27 08:33:00.000,2019-03-27 08:33:00.000,2019-03-27 08:33:00.000,0.0,0.0,5,4.0,-1.0,0.0,-1.0,0.0
8412.0,2019-03-27,RST,REGION,Uppehåll,Uppehåll,11,Av- och påstigande av resande,11,Av- och påstigande av resande,8,U,Gä,Örbyhus,Öh,Tobo,Tbo,2019-03-27 08:38:00,2019-03-27 08:42:00,2019-03-27 08:42:00.000,2019-03-27 08:39:00.000,2019-03-27 08:38:00.000,2019-03-27 08:37:00.000,0.0,2.0,4,3.0,-1.0,1.0,0.0,2.0
8412.0,2019-03-27,RST,REGION,Uppehåll,Passage,11,Av- och påstigande av resande,0,-,9,U,Gä,Tobo,Tbo,Skärpan,Säp,2019-03-27 08:42:00,2019-03-27 08:45:00,2019-03-27 08:45:00.000,2019-03-27 08:42:00.000,2019-03-27 08:42:00.000,2019-03-27 08:42:00.000,0.0,0.0,3,3.0,0.0,0.0,0.0,0.0
8412.0,2019-03-27,RST,REGION,Passage,Uppehåll,0,-,11,Av- och påstigande av resande,10,U,Gä,Skärpan,Säp,Tierp,Tip,2019-03-27 08:45:00,2019-03-27 08:49:00,2019-03-27 08:48:00.000,2019-03-27 08:45:00.000,2019-03-27 08:45:00.000,2019-03-27 08:45:00.000,0.0,0.0,4,3.0,-1.0,0.0,-1.0,0.0
8412.0,2019-03-27,RST,REGION,Uppehåll,Passage,11,Av- och påstigande av resande,0,-,11,U,Gä,Tierp,Tip,Orrskog,Os,2019-03-27 08:50:00,2019-03-27 08:55:00,2019-03-27 08:53:00.000,2019-03-27 08:50:00.000,2019-03-27 08:49:00.000,2019-03-27 08:48:00.000,1.0,2.0,5,3.0,-2.0,0.0,-2.0,1.0
8412.0,2019-03-27,RST,REGION,Passage,Uppehåll,0,-,11,Av- och påstigande av resande,12,U,Gä,Orrskog,Os,Mehedeby,Meh,2019-03-27 08:55:00,2019-03-27 08:58:00,2019-03-27 08:56:00.000,2019-03-27 08:53:00.000,2019-03-27 08:55:00.000,2019-03-27 08:53:00.000,0.0,0.0,3,3.0,0.0,-2.0,-2.0,0.0
8412.0,2019-03-27,RST,REGION,Uppehåll,Passage,11,Av- och påstigande av resande,0,-,13,U,Gä,Mehedeby,Meh,Marma,Mrm,2019-03-27 08:58:00,2019-03-27 09:00:00,2019-03-27 09:00:00.000,2019-03-27 08:58:00.000,2019-03-27 08:58:00.000,2019-03-27 08:56:00.000,0.0,2.0,2,2.0,0.0,0.0,0.0,2.0
8412.0,2019-03-27,RST,REGION,Passage,Uppehåll,0,-,11,Av- och påstigande av resande,14,U,Gä,Marma,Mrm,Marma norra,Maa,2019-03-27 09:00:00,2019-03-27 09:02:00,2019-03-27 09:02:00.000,2019-03-27 09:00:00.000,2019-03-27 09:00:00.000,2019-03-27 09:00:00.000,0.0,0.0,2,2.0,0.0,0.0,0.0,0.0
8412.0,2019-03-27,RST,REGION,Uppehåll,Uppehåll,11,Av- och påstigande av resande,11,Av- och påstigande av resande,15,U,Gä,Marma norra,Maa,Älvkarleby,Äkb,2019-03-27 09:02:00,2019-03-27 09:06:00,2019-03-27 09:06:00.000,2019-03-27 09:03:00.000,2019-03-27 09:02:00.000,2019-03-27 09:02:00.000,0.0,1.0,4,3.0,-1.0,1.0,0.0,1.0
8412.0,2019-03-27,RST,REGION,Uppehåll,Uppehåll,11,Av- och påstigande av resande,11,Av- och påstigande av resande,16,U,Gä,Älvkarleby,Äkb,Skutskär,Sur,2019-03-27 09:06:00,2019-03-27 09:11:00,2019-03-27 09:11:00.000,2019-03-27 09:08:00.000,2019-03-27 09:06:00.000,2019-03-27 09:06:00.000,0.0,2.0,5,3.0,-2.0,2.0,0.0,2.0
8412.0,2019-03-27,RST,REGION,Uppehåll,Uppehåll,11,Av- och påstigande av resande,11,Av- och påstigande av resande,17,U,Gä,Skutskär,Sur,Furuvik,Fvk,2019-03-27 09:11:00,2019-03-27 09:15:00,2019-03-27 09:15:00.000,2019-03-27 09:13:00.000,2019-03-27 09:11:00.000,2019-03-27 09:11:00.000,0.0,2.0,4,2.0,-2.0,2.0,0.0,2.0
8412.0,2019-03-27,RST,REGION,Uppehåll,Passage,11,Av- och påstigande av resande,0,-,18,U,Gä,Furuvik,Fvk,Bomansberget,Bom,2019-03-27 09:15:00,2019-03-27 09:18:00,2019-03-27 09:18:00.000,2019-03-27 09:17:00.000,2019-03-27 09:15:00.000,2019-03-27 09:15:00.000,0.0,2.0,3,1.0,-2.0,2.0,0.0,2.0
8412.0,2019-03-27,RST,REGION,Passage,Sista,0,-,10,Avstigande av resande,19,U,Gä,Bomansberget,Bom,Gävle c,Gä,2019-03-27 09:18:00,2019-03-27 09:22:00,2019-03-27 09:22:00.000,2019-03-27 09:18:00.000,2019-03-27 09:18:00.000,2019-03-27 09:18:00.000,0.0,0.0,4,4.0,0.0,0.0,0.0,0.0
